-3.227131832061960054e-02,3.600087504143387879e-02,4.642817265241147573e-01,-6.241761215660242279e-02,9.777139124200019682e-02,-2.205986158355161680e-02,-2.564717817305044445e-01,1.333815126808883811e-01,-1.636334694885875629e-01,-6.419399845570536445e-03,-1.820386257873516378e-01,2.369095473612808922e-02,-2.350507808201278137e-01,3.938578257634300223e-02,1.863240358722328682e-01,-1.431675842275628718e-01,2.442897447401272404e-01,4.034791299830048916e-01,2.672460857548995122e-02,-4.678977930662125279e-02,-6.805623132487351179e-03,-5.427812109490042225e-01,2.241095075852190532e-01,1.582921658462333181e-01,-3.050045651091141119e-01,1.036450183687518678e-01,-1.036272639725267508e-01,2.633500862132587828e-01,-2.377316991556487902e-01,-2.238654149138163130e-01,-1.594228612390329730e-02,2.301995964506731995e-01,-1.115430469854395285e-01,8.933847520106925899e-02,2.892560153174267637e-02,1.167016698835902089e-01,-2.805482234040396761e-01,-1.690250691618726264e-01,-2.378920579432805549e-01,8.603705569709747814e-02,1.472695186200905643e-02,-6.200694299201507664e-02,-1.196404707823369405e-02,3.840187236912401270e-02,5.375405027164759098e-01,2.794861601008578611e-01,1.133537160122603110e-01,1.299308019384165791e-01,4.527725204442281104e-01,-1.641396564257287249e-02
-3.588078020742499485e-02,2.288717887450497923e-01,-4.135500876641008683e-02,1.932450933954474315e-01,-3.351459511479144403e-03,-1.315469953339899745e-01,2.588452683774565832e-01,7.163579029951369637e-02,2.883615378264685059e-01,-1.359051230350733774e-01,2.174570089093377789e-02,2.196554284288218251e-01,9.864975614621120104e-02,-9.997906394256303453e-02,1.776821191883589113e-01,1.211737377797745228e-02,-9.070801388789445641e-02,-1.289686400682524825e-01,2.411146385903619183e-01,-1.862951458673538230e-01,-2.905935751951372326e-01,2.447265790467876012e-01,2.813862540944614410e-02,-2.660652661616249581e-01,1.187421844091127443e-01,-1.703322478133581161e-02,-1.931025763955384611e-01,-5.866230336499380499e-02,-2.536898527615301657e-01,1.413808537369761198e-01,-2.827139793145466706e-02,1.339325237683708092e-01,2.152662887881024584e-02,1.319061320204253929e-01,1.181260145474312268e-01,2.429236503720271292e-02,-7.857462601153300530e-02,-2.161262604877659532e-01,1.448040689664057135e-01,-2.746286352362527494e-01,-6.485857735634824595e-01,-3.722672570008564996e-01,-2.419611993245955328e-01,-2.714611011722731782e-01,3.222516492633735186e-01,4.722284718725146963e-02,-2.095368012158965038e-03,3.797678582352019827e-01,1.172387930219947055e-01,-8.030708022212101893e-02
2.710788944414057045e-01,1.288620173465830077e-01,1.057277374190434965e-01,-5.814663572929695129e-02,-1.074373238955625837e-01,-2.995985368333138332e-01,4.154944685895248235e-02,8.493959402451699281e-02,-1.397484953690269482e-01,-1.743650088438619405e-01,7.314792618110206590e-02,-1.346963555701936877e-01,-1.512139972750357331e-01,-3.584671562980187853e-01,5.263149906671530515e-02,-1.648592547553699370e-02,2.091964572333017691e-01,-1.183769312967533627e-01,-2.179949693014189838e-01,-5.079292107092097108e-01,8.725334282849009360e-02,4.418482362347714298e-02,8.647171056724932414e-02,-3.186518890790154823e-01,5.990871433373872595e-02,1.949051950067217931e-01,1.077837964498869761e-01,9.478905106586617280e-03,-1.196816353406955809e-02,-1.780000253032925084e-01,5.119436873805138094e-02,1.061727099597283702e-01,3.342560872407148581e-02,7.265150300210249101e-02,4.259289558392813368e-02,2.194455706740436329e-02,3.538981278583865769e-02,4.057377648501526296e-02,-8.444973955632933960e-02,-2.736428357687415922e-02,-2.907123381600077439e-01,-1.183364411721856552e-02,-1.349036477116939137e-01,-2.038587942808254838e-01,1.686636199392917979e-01,-1.304231491396850573e-01,-2.901991252060341364e-01,-1.403021892590145536e-01,-2.748492072807801750e-02,1.412080499216155638e-01
-4.370105163040698959e-01,-3.945180714777653946e-02,-7.952730192935237967e-04,-1.418297798169154134e-01,-6.720884182978037469e-02,2.362136276388126371e-02,6.605853336007419530e-02,1.328138495365764060e-01,1.661618159427394326e-01,1.186977687667096180e-02,6.786847466973337795e-02,-2.923470467890319502e-01,-9.695573615801610090e-02,-1.105529612429706210e-01,-1.043978113191914615e-02,6.450889297489626265e-03,-1.795161566122234140e-02,-3.633074390558892891e-02,4.702653642606852147e-01,-5.555635574808802657e-01,-2.159193244318540622e-02,-6.044586981356631084e-02,6.551886073658310661e-01,5.356403551665754603e-02,2.787868083183048240e-02,-2.220143158689695875e-02,2.022659682909482559e-01,-6.725359917367458584e-02,-1.872889176242121811e-01,-2.564128948208377334e-02,-8.575790896336034363e-02,-3.159576256161367724e-01,-7.269984636548672274e-02,-2.486781188275961896e-01,2.693213280145461685e-01,3.371366853327819046e-01,1.697658702047931747e-02,-1.340849178728320823e-01,1.857413833771025535e-01,5.248228024255891661e-02,1.801205003996041720e-01,1.937632851518919785e-01,2.214260887591175675e-01,1.534687851298690009e-01,-5.136457940658579746e-01,-5.601523532731381844e-02,4.327349185740678866e-02,-7.592800719637023132e-02,8.361328960589789472e-03,-1.053336015793043950e-01
-7.994077736340600426e-02,-3.617385338319697996e-02,-8.791785519615651079e-02,4.721371604859325027e-02,2.924268620497991189e-01,2.214742685769175434e-01,3.143068546285756604e-01,-9.259306262553118616e-02,-6.699200652371320452e-02,6.009172724378809838e-02,4.330434276548141004e-02,-1.281241231174430895e-01,-1.116325545724238533e-01,-2.853709426152419848e-01,7.351771313477645231e-02,-2.405051934684350468e-01,-1.219653591358021566e-01,-3.199234552735999992e-01,2.076771404956849476e-01,7.774615545194084321e-02,-8.548960701646227123e-02,3.296225345791788108e-02,-5.339667402279277275e-02,-2.278760683350469773e-01,-2.626181257217236401e-02,2.427158515519543536e-01,1.350485019381245655e-01,1.053729822830868079e-01,1.531094504901799047e-01,-1.895668650315348105e-02,-1.436956299089234557e-01,-1.516791858350924893e-01,1.095804457860065223e-01,-3.721760224167684761e-02,-2.522320138444045790e-01,-8.238746654868647767e-02,-1.355206027954500292e-01,-1.548135497752495260e-01,3.443394929345705655e-03,2.904084154226063696e-02,2.541768851851926581e-01,-2.320673598617390421e-01,4.679082721867380834e-02,1.290894831774191120e-01,-1.435919049329054814e-02,1.589524429597805877e-01,7.672513279503463679e-02,1.157893757703393062e-01,5.011566635346016430e-01,4.984824935265397966e-02
1.134903816673483445e-01,-1.715185392582906088e-01,-1.633116895388547485e-01,-1.222225427877652107e-02,7.998817302009905705e-02,3.074337746427245003e-04,-4.415590288474635638e-02,1.012492747667079057e-01,3.611126562556643549e-02,8.413606349780092253e-02,7.150895716483464393e-02,2.018488551278430354e-01,6.676683917053350022e-03,1.881021565012354069e-01,-1.280155960517973812e-01,5.978637902549173433e-02,-1.727931898890950335e-01,5.662746414131779316e-02,-1.581262164239272683e-01,9.359052643613689770e-02,-2.712967736712725841e-01,-9.978049894512662499e-02,8.541479566005071022e-02,1.217151414305085722e-01,2.473746629554831600e-01,1.109247789347660509e-02,-2.136701956873846842e-01,-1.155646260922454649e-01,-1.830351973697603163e-01,-1.932737373486592969e-01,2.093685561561876018e-01,1.768227175351867742e-01,8.832783518479793428e-02,2.053850722312518945e-02,9.737544450185835199e-02,8.734771832037008243e-02,-3.666146204207294812e-02,1.756761228082913684e-01,1.060149851422252654e-02,-5.239105615062265853e-02,3.667432858646687416e-02,-1.462332766165832520e-01,-5.560837144516311836e-02,7.762810140711678963e-02,6.948215313640113133e-02,2.488737218527748984e-01,4.204266749649754505e-03,9.123730553711978386e-02,3.449982971308118013e-02,-2.168879693652069063e-01
-8.288443403857094494e-02,-8.217223260089830117e-02,6.844250004127715170e-02,-1.274608490180831610e-01,1.061573353096134237e-01,8.049306009333051515e-02,2.854673664409279055e-01,2.419478341531946727e-02,-8.457081205468383600e-02,4.255987467086315423e-02,-1.420167701658008215e-02,6.752027951054150046e-02,-1.537460457757734190e-02,6.071866630468369247e-02,-2.793030481436452606e-01,-4.570644752642024668e-03,1.293132647546590130e-01,-1.533035770292792421e-01,5.932656153238800856e-02,-7.688531794904002181e-02,-2.602544921914218268e-01,-1.091939961664424308e-01,5.026734499075162510e-02,3.225383469780098711e-01,-1.367947857819421520e-01,1.554182012703182996e-03,2.570566976936424636e-02,1.149302336758151050e-01,-8.056722278627659328e-02,-2.885283446827890605e-02,9.250065438548456254e-02,1.161880490980009700e-01,-5.814473068434825725e-02,-7.436595136740048462e-02,-2.088481814717493834e-01,-8.857948987443438338e-02,1.952361709297489589e-01,-8.393354571462950664e-02,-2.981548102641741194e-01,-1.027555217582860891e-01,1.087159399510839869e-01,-3.656687314784894394e-01,-1.094512409458989199e-01,3.451855403579484616e-02,3.354421171428224047e-01,-1.453679304726122334e-01,1.418431236100363979e-01,5.050960948876698914e-02,2.427834136145664429e-02,9.124351153334550601e-02
5.003651930576057810e-02,1.131599381623895131e-02,-2.944796345584938524e-01,2.423407140148975958e-01,2.268666914315566746e-02,3.609759726007805841e-02,-2.764863429397060313e-01,-1.283490911300673998e-01,-1.688410120557692629e-01,-6.448219744665693864e-02,6.944463963083333247e-02,-2.961611311507257871e-01,1.770354125234674114e-01,-7.148266730495878019e-02,5.485887334810463090e-02,2.212402370784204431e-01,5.856073173198148712e-02,-4.772224277166043499e-02,-4.990909967697648025e-02,-3.405456429400581242e-01,3.540972069343900630e-01,1.292759766415949585e-01,1.885335124948809560e-01,-8.602189844918130268e-02,-4.494039372067476501e-02,4.782744688240541525e-02,7.589787163180637675e-02,-6.685835186721271473e-02,-4.878635726263506195e-02,-2.188751663107485201e-01,6.745516165861428770e-02,-1.796808867390633502e-01,2.047432674707221067e-02,1.280037514315858493e-01,-6.962408170494849280e-02,2.620339919032486087e-01,1.188191537832045258e-01,-1.147181799454147083e-01,8.958264070962847214e-02,1.100329052248845141e-01,9.931570975881490182e-02,9.437609215552353326e-02,-1.370546906383861008e-01,-3.648924176680827802e-01,-1.578737383937317551e-01,5.218224402919728888e-01,-7.533488449420128186e-02,1.130688137280424499e-01,2.008904686127628222e-02,-2.598419616033261770e-01
6.312824233075667139e-03,-2.390604242574958516e-01,-3.022136445676643079e-03,1.053217251516351954e-01,-1.491516752773769383e-01,2.048456216934985974e-01,-4.372246555353637848e-02,-2.208232462054896539e-01,4.824851583088914792e-02,-7.617239749255313996e-02,2.359782001430368870e-01,7.675515655486250810e-02,-1.368475533574417535e-01,1.450297314435134155e-01,7.290370861642347933e-02,-3.634308774249607465e-02,-1.321454637477495753e-01,-4.593012568199165285e-02,2.233998250775503236e-01,-7.215659559374616727e-02,-2.991794405557944569e-02,4.345225908196909820e-02,-4.471409107194140170e-02,4.767791969914300099e-01,4.220267670469021043e-02,-2.155985427790940712e-01,6.054201784365043776e-02,1.823610885878212684e-01,-2.339609447933483910e-01,1.788513881682300410e-01,1.856858957963433143e-01,6.295112389305990153e-02,2.024696598166222383e-01,-1.177656143574009329e-01,1.466675303709912559e-01,2.104096760194821766e-02,-2.102711091147485001e-01,-5.376606193216485613e-02,-2.676365482280000305e-02,9.306300492460595208e-02,1.083086021166157348e-01,-5.914452189880130967e-02,1.746577098153413166e-01,3.340478231521485514e-02,1.816204192379014259e-01,1.368207735828999294e-01,5.984814063515692117e-02,-3.624014995012153628e-02,-7.801195034103644566e-02,-3.908097761974309997e-02
3.418840262605940539e-02,-1.085886314843514527e-01,-1.962098641649571429e-01,-2.612471926435770350e-02,-4.125137481491344266e-02,-2.333031230271618295e-01,1.859976200750910191e-01,9.170853740714543512e-02,-1.006694234035220292e-01,-2.874255116475066610e-02,-1.399010428029697217e-01,7.838625238951446583e-02,1.271305506064950019e-01,-2.512865367741921596e-01,1.289609293570389281e-01,8.841947487116583182e-02,8.016244965244398446e-02,9.602492573745802229e-02,1.366432236744159062e-02,-1.640148158759221764e-01,-8.019935286263923935e-02,1.355458435972872744e-01,-3.782040390508537020e-02,8.505267585198536540e-02,-1.862740507058395223e-01,9.868377128637750850e-02,-8.360097491010058668e-02,-9.446737878491146337e-03,-1.956415535877892645e-02,-3.050446720377454277e-02,5.442318310308192145e-03,8.636751182301030672e-02,2.075356788367482136e-02,-1.296329577821840606e-01,1.577188087465978550e-01,-9.171285376464520522e-02,2.527839421592129043e-01,-7.655876962911038752e-02,1.371301488292305248e-01,-4.552839352073377588e-02,-1.745815503096114496e-01,-2.328775367064118695e-01,1.315920488000257293e-01,1.257111407156482064e-01,-2.861081578547362836e-02,2.134254032879732699e-01,-5.670597575350320996e-02,3.711443415550325087e-02,-3.972722709178170414e-02,5.655113810355313214e-02
8.025770999507275683e-02,-1.313008748083465682e-01,1.686891032984075278e-01,-1.956741014809902646e-01,1.505403440566828455e-01,2.062631471750104306e-01,2.867035350645439351e-01,1.299721970927912862e-01,-3.767934984848027025e-01,4.450299689576198148e-02,-1.589017361367666692e-01,-1.054212987316271721e-01,-3.399077209552864853e-01,-1.793809876434407646e-01,-5.970286894540974970e-02,9.874949163434780519e-03,-1.412670914411233991e-01,2.066233101662861837e-01,-4.939706405780014409e-02,-1.578441834907630750e-02,1.643330708644028249e-01,5.080300537835090446e-02,-8.477337471623015708e-02,2.106789538122245953e-02,8.938969210593328274e-02,-1.044561831546810399e-01,-3.810458976580719578e-03,-2.879746667497437400e-03,2.137207337114291894e-01,7.404517731146972870e-02,4.183001779132407283e-02,1.821071716405303284e-02,-6.197497894922277678e-02,9.433631621647302692e-03,-1.060647205238012952e-01,5.144207799100224826e-02,7.390926957988858299e-03,4.955228421284090662e-02,2.841141276843845431e-01,-4.560361554532763734e-02,3.526497461072474193e-01,-5.837661950912254039e-02,-7.165652139514430696e-02,-6.140938853177945606e-02,-9.136105131359235909e-02,2.325257318406611373e-01,-1.743376353719865721e-03,-8.411524624457922261e-02,1.220311550583464202e-03,1.869320130033383029e-02
1.315382143971349505e-01,-1.714161300626110829e-01,3.044005078443212317e-02,8.575387568440075159e-02,-3.642381124760421529e-02,1.850430773887493385e-01,-6.998768066368409035e-02,1.891274229775455340e-02,3.938354698691457628e-02,1.017069949186246991e-01,6.170551695174797402e-02,8.469333185001044761e-02,-3.204961344973370624e-02,-7.395427932803981530e-02,-6.056706358672702545e-02,-6.926597482834040420e-02,-8.079957202904151925e-02,-9.907963885673994053e-02,3.840379856758768112e-02,1.368716936026787567e-01,-7.557152956803415977e-02,-1.776406996613143774e-01,1.700463299343073220e-02,4.054444914816196510e-02,3.187939565139246700e-01,4.462249925073166062e-02,-1.608684334129660554e-01,-1.909504402355434449e-01,-2.206366977477972058e-01,8.408266580920537026e-02,-1.420326187423122388e-01,-1.158047017218865188e-01,-9.418496844148974145e-02,1.449198951089392395e-01,7.216800443016081756e-02,-7.108741943222984805e-02,5.223325209663352842e-02,4.323726215826297348e-01,1.663295790489963677e-01,4.501111627231003109e-01,-1.308443603991328585e-01,7.776080940809454445e-02,1.679577706729223213e-02,3.177669031509662845e-01,3.620173413127807105e-02,7.090014770928333709e-02,-1.593276745516272741e-01,-2.065509447417665789e-01,-1.688583158148642127e-01,1.622915799490740052e-01
3.144034787754725890e-01,-2.838451917307777683e-01,-8.088881959727657611e-02,-1.099216719158069289e-02,1.037875705227690598e-01,-9.910785807122977908e-02,2.382674353664392813e-02,2.947127613933380255e-02,3.565257372315359663e-01,-2.192770257552738300e-01,2.363577960738411643e-01,-2.729364919109392718e-01,-4.531272310824588367e-01,-2.724030236924065984e-01,-1.694358171410682568e-01,1.884531310463575526e-01,1.307347790953552746e-01,1.571831295922098692e-01,1.346036133757664011e-01,1.396463029108319376e-01,-2.700964540453268947e-01,1.583919168523924836e-01,4.541309844631772896e-01,-8.325494425396606779e-02,-6.298248376437368123e-02,7.850649741574103335e-02,1.329160931325528983e-01,1.369779558728377866e-01,4.698610173637599030e-01,7.107263059120524362e-01,-2.370036383921297896e-01,-2.985495855071776394e-01,1.548357564549727450e-01,4.239636297448573510e-01,-1.722978176826187036e-01,-5.660319744535146670e-03,2.127670311648356335e-02,-1.619510577046589794e-01,-2.645070126856545190e-01,-5.932829326629234651e-02,2.723251882077716290e-01,-8.868489430896581149e-02,-2.002782610696668686e-01,-4.616008858530214892e-02,-2.156381960931234576e-01,-3.255067391785249065e-01,1.164901119321745671e-01,3.171207673574472641e-01,-1.016966834984286000e-01,-9.738698916020759044e-02
-1.197642166139968184e-01,-2.650664923012967522e-01,8.736708209444027373e-02,-1.339087736792558825e-01,4.725131508962824439e-02,7.000797056879692892e-02,-1.780263785702801693e-01,-8.799309353112966877e-05,-1.017373707405694189e-01,2.277589201418329934e-02,-1.426454667454261638e-01,-4.609270665616412715e-02,-2.034419392692515538e-01,7.905791599396073954e-02,3.816210201352855658e-02,-2.911541164842791352e-01,1.050428648657262543e-01,7.588088787598996909e-02,3.404929468148921723e-01,6.751287205335418373e-02,2.630610235927069995e-01,-1.717957326570137555e-01,5.888997129556466925e-02,1.109922753681897301e-01,1.657828524690564964e-01,-2.143910756341344259e-01,-2.955000579124326676e-01,3.274918262616535181e-01,-3.557412451777965806e-02,1.108371379540412927e-01,3.269732860500618697e-03,-9.562624300790244225e-02,2.219741693562971296e-01,-1.804745180394497495e-01,-6.333423993614911707e-02,1.401568077456043920e-02,3.004469570583470986e-02,2.445022521941626892e-01,-1.841462397163935449e-01,-2.357738633650214854e-01,-9.606606992667043876e-02,3.395383756758475480e-01,8.683023010792716156e-02,-1.335991347319018807e-01,8.363457750468537497e-03,1.764614780924473048e-01,-1.170772051920136031e-01,2.320151693585320030e-01,-9.870034320329091129e-03,-1.242424910323396484e-02
-5.248280215490042089e-02,-4.873708860607460502e-02,9.818176168047410696e-03,-8.142123402793129128e-02,-3.709569120559670641e-02,-9.815001006899432001e-02,2.233986812678248612e-01,2.432963577536342847e-02,1.216115089207017580e-01,7.931439465273659728e-02,-2.136904031653005104e-02,1.043398565749168588e-02,1.302240581710409177e-02,-5.346599226998136056e-02,2.609886349740548339e-01,-1.048650350975682682e-01,2.522901144303728027e-01,7.643695484055644529e-02,-1.550905136307540455e-01,9.804584243570474422e-02,3.373344731402403984e-01,-1.131873873745083831e-01,2.320601653612010956e-02,9.339090557504026169e-02,1.385164977272189402e-01,-9.483384801535546527e-02,3.234942123381797097e-01,-1.189478123265435838e-01,-5.525242630546738365e-01,3.651399985054386566e-01,6.380660899369940131e-02,2.589746286431970218e-02,1.841975091321755020e-01,-8.672300647363004322e-02,-8.420594126031281934e-02,-1.518221476686621441e-01,-7.615072320261813237e-03,-1.572207777728502898e-01,6.731311147487968605e-02,1.068669541931234340e-01,-2.763230685432993550e-01,-2.583442592319304745e-02,4.596092133497602789e-02,-5.198621478790715206e-02,1.635567216507372301e-01,7.327986056176961915e-02,1.040539565349393042e-02,1.657371870651994442e-03,9.397124099854409218e-02,4.871729851421330998e-02
-2.819859989568357719e-02,3.822974126692973429e-01,-2.333152484403407945e-01,-5.860782100651550780e-02,1.544957848356434682e-02,-2.074518428532496628e-01,-4.489386195829391489e-03,1.551459853328316651e-01,-2.452581598574600161e-02,7.750245985854958830e-02,1.892563541356287737e-01,1.089414246075905285e-01,1.015855791291478544e-01,4.288013742852675447e-01,1.499582112904304931e-01,2.230873884762759607e-01,2.522225443262570699e-01,1.257774666734355618e-01,-4.469512302479317079e-02,2.598545373199631636e-01,4.170437917664711336e-02,-2.547654562823913893e-01,-4.338767976991114023e-02,-2.141724403597970380e-02,-2.399291201895604742e-01,-2.571626773535628518e-01,-3.212972576065728243e-03,-1.317804337027769224e-01,-6.999044376358648512e-02,-3.254231139298132125e-01,-6.950213476969716031e-02,5.084962936107378928e-02,-1.605997034465277487e-02,1.800630208993661552e-01,-1.975091848846497189e-01,-1.416229596756201914e-01,-1.734008710163308098e-01,8.794997393350559300e-02,-1.057621494490457344e-02,-1.661751174591888369e-01,2.391747385848750351e-01,-1.650030086311373712e-01,-1.054379198973287163e-01,-2.207695104008619569e-01,1.907669095261448344e-01,2.826642955678591515e-02,-1.347781684602545882e-01,-3.036518969908083565e-01,1.084958721946594901e-01,-1.084979211245106108e-02
-1.210027389249559576e-01,-1.175363856037960619e-01,-1.398309536586423985e-01,-1.914429121835077852e-01,-5.773254625067940349e-02,-6.989256393072774964e-02,5.818231504962898676e-02,-9.731253811055863567e-02,3.190834220085246309e-01,-8.657196897210792108e-02,2.086190694406075130e-01,3.139737983452885878e-02,-2.844769657407437147e-01,-2.877093665680767187e-01,5.290353360430859880e-02,-1.401160940926463906e-02,-6.720602359597196637e-03,3.054625165771369111e-01,-2.879968434105616981e-01,-1.900658785276038432e-01,6.764505469769677148e-02,9.867053793020214014e-02,2.555704989460980125e-01,2.183240318673896896e-01,-7.177707113219989991e-03,-1.182875690857190798e-01,-1.326844841637931094e-01,9.488110204618707688e-02,1.417840042513798804e-01,-1.037753558118068714e-01,-2.793004694732066917e-01,-8.284567959885824617e-02,2.004706898058606079e-01,4.997586671401303693e-02,2.374962722730042386e-01,3.080970689236388060e-01,-2.663405160962786788e-01,1.058705523164210072e-01,3.382477276411034739e-02,3.144259260168990027e-03,-8.004821997378450127e-02,-1.306763799154061489e-01,6.670531749155549084e-02,-2.452048567723107489e-02,-4.464699269875550824e-02,-8.665963051592769084e-02,9.262991404800641204e-02,1.312861175184659723e-01,1.519616075197230964e-01,-1.637233005385771156e-01
2.459626695561411003e-01,1.575815392328406422e-02,-2.685024731987550872e-01,-8.946733114591040592e-02,-3.559818734974984356e-02,-1.314697930735043378e-03,-1.500047229027876294e-01,9.989883150937808876e-02,9.734728395783118216e-02,-6.802877894082247356e-02,3.219106704803534336e-02,3.519423848101412289e-01,-1.050562698589396493e-01,-4.894787133302276605e-02,3.493360324499507341e-02,8.596159094642455423e-02,1.940439443639824513e-01,6.511065900371697246e-02,-1.047448777121135974e-02,2.290865453197711843e-01,9.921714111820291448e-02,-7.539349021507595061e-02,-7.431616847265001824e-02,3.710582449328147514e-01,-2.037956509545390746e-02,1.461486054622988529e-01,-3.603801034530366154e-01,-2.728656874932787746e-01,9.480083359564851764e-02,-1.265423292134485456e-01,2.372258163019066446e-01,1.050472579250657200e-02,9.906605911145315024e-02,-6.183546949117119801e-02,2.624888501783378958e-01,1.273354814604494845e-01,-4.738731709064816777e-02,1.203673774904070043e-01,-1.275608866278943321e-01,1.406360019369080616e-01,-2.900344663193973882e-01,-1.404680912512823177e-01,-8.489543179206959778e-02,3.227144671458335723e-01,5.736950585367816408e-02,-2.773515654973364719e-01,-1.364163242811705923e-01,-1.977826489533885124e-01,-7.554331199582427214e-02,-6.128068577309279778e-03
-3.295062936186647362e-01,-1.350151980435377042e-01,4.395160720341051430e-02,4.020664626690551025e-01,3.177668695514316091e-03,1.628229872445529358e-01,1.972349854311256923e-01,1.263118159351430958e-01,5.787528962713726216e-02,-2.003957296215322925e-01,1.115727977697103662e-01,9.907348274332923588e-02,1.330539755436396798e-01,1.687813632665175478e-01,-2.818974662337380699e-01,3.011448708522921347e-01,1.231166437486731213e-01,1.296409925565903953e-01,4.392578371238199386e-01,-4.682976951343781891e-01,-4.816500138169800826e-01,-2.190703981446918136e-01,5.311495251714757337e-01,2.512058665029778259e-01,-2.185407297301997231e-02,-1.104069471211866806e-02,2.444752555524913259e-02,4.522095669045226446e-02,-4.027833468780309123e-01,4.388080889366903214e-01,2.549496904184322607e-02,1.453037284410216567e-01,-8.745728254129810086e-02,2.487342807421814572e-01,1.141136988581901851e-01,-8.376912127302089950e-02,-3.892999223199985481e-01,-2.130346592996590904e-01,-2.629301990851790755e-02,-1.789371969840560794e-01,8.446063503768097558e-01,-1.270767857900844677e-01,1.155287628417022427e-01,-1.599055105851832637e-01,-2.715412103926561627e-01,3.391673071736373002e-01,2.073693240905295776e-01,-1.601242659619973863e-01,-9.164476532311820883e-03,-2.181161821372328280e-01
-1.688129766105700424e-01,-1.250570716501170354e-01,1.031805805415532545e-01,-3.509458790067395695e-01,1.585636848894641073e-03,-2.713612184174761521e-02,-1.185341391112242487e-01,8.461980442879243891e-02,-2.537693814725942576e-01,-4.269000845028351337e-02,1.593684028176260425e-01,-9.237682444071099175e-02,4.601615654619982398e-02,-5.636716195462320583e-02,-1.886876848176914645e-01,3.858925895752595564e-02,3.163859393442711165e-01,-7.184928550092681276e-02,2.671372369216560294e-01,-2.854085724521523426e-01,1.467715378913978658e-02,-9.959001873816385186e-02,1.895300637167454949e-01,2.257858433001444336e-03,-2.141038179329553814e-01,-1.727122052542629793e-01,1.815953765990687419e-01,-4.240716949114889389e-02,1.772199162429866637e-01,-3.339585276700202665e-01,-1.950856967012390697e-01,-1.670446142358749109e-01,-1.676834158168030720e-01,-1.353805036874260875e-02,4.071852828147875386e-02,1.578150672325081549e-01,9.571212311393392791e-02,5.857947115304757563e-03,2.125915424266527631e-01,-2.739450895585673895e-02,2.371300091496910956e-01,-2.583419124852672291e-02,-1.398907697428454500e-01,-3.634637040869743291e-02,-2.075794847682935762e-01,1.845424122657353047e-02,1.538051479393860443e-01,-6.622647331426122219e-02,-2.087158911582253674e-03,-2.236985066846743087e-01
2.218569240584260527e-01,-4.096930603519464281e-02,-1.940675073472747370e-02,-1.256751944955623000e-02,1.371906313271351874e-01,3.065258819141748470e-01,8.370997651324406374e-02,1.013003316567113316e-01,-8.795248466356797579e-02,-8.523937027917545539e-02,8.818151175748305259e-02,-1.802487190441745268e-01,4.691602062240694121e-02,2.656948094923740622e-01,-2.691603270220208066e-01,2.724828319495883888e-01,2.349156639649116474e-01,3.483731972442348501e-02,1.350770058782641281e-01,7.892842090110978315e-03,-1.628447126887178631e-01,-6.906377408861069656e-02,1.850801183637266478e-01,2.337700452678883808e-02,-3.903495470620611529e-01,5.990376455755501428e-02,2.700910213991634667e-01,-3.567204092219599665e-01,-1.188292748778324304e-01,8.059232461292823446e-01,1.732264792883412285e-01,-9.615211684535969472e-02,-1.737177024706526018e-01,-1.889723352678323032e-01,-1.154699236973206755e-01,-9.730409962936580059e-03,-5.301929449932927252e-01,2.321100401490243381e-01,8.059337932125618109e-02,-1.428012639107167359e-01,5.362862256835361219e-01,7.715955503012408845e-02,-3.158226266066464505e-01,-1.217880067370710057e-01,-6.527251705278756810e-02,2.133850825056251566e-01,-2.865034375558542408e-03,1.272657612828549945e-01,6.244355965416616833e-02,-6.627078413593624762e-02
-5.559672526332959386e-02,-3.140452829155473274e-02,1.892951516904855247e-01,-1.268237124393641058e-01,-1.017599530412653663e-01,-3.744814547827270412e-01,-2.024188866835943679e-01,7.303622346417387723e-02,3.738040904354208993e-01,-2.165598916299291687e-01,1.441690976264121959e-01,1.914402070611689599e-01,-5.083555753694016938e-02,-3.653413625499747353e-01,1.514525745369480203e-01,-2.190574529687819849e-01,1.165910664882216508e-01,1.320297873885373230e-01,-1.173567400539005535e-03,-4.819215511391078399e-01,-2.787987829651075722e-01,-8.134974005160150456e-02,-1.894359374904695525e-01,-1.649167062929950689e-01,1.670700442092229732e-01,-2.369931135545967626e-01,-6.486553050550082633e-02,1.724676549432167250e-01,-1.496179803753787119e-01,-3.213854864262266076e-01,-1.905522205602160346e-01,9.339269802594848957e-02,8.956593540678105259e-02,-1.972450789936069093e-01,1.570027699942133093e-01,1.034972363839505374e-02,-1.857812323387052211e-01,2.026998338260203036e-01,-1.104929948380739546e-01,7.638506232831029918e-02,-7.711144570856368619e-01,-8.255097517143554497e-02,-8.969874646286001008e-02,-1.796222869890964635e-01,-1.691782716546590959e-01,-6.150062871434351652e-02,-2.485037921341798350e-01,1.923453983882161822e-02,2.450706119574000696e-01,-3.412676825723112151e-01
-7.034140729993049179e-02,2.478991464528603750e-01,-4.229282514999184728e-01,-1.874950890563699679e-01,1.012600678264623522e-01,-2.057578574109590330e-01,3.737071802279720023e-01,-1.851217558122981721e-01,-9.447880929425617191e-02,-2.976489428973054172e-02,3.847740419697416592e-02,7.983911304900827288e-02,2.122363383761408928e-01,-1.101064035066331437e-01,3.076078003567966901e-01,-1.295690517560552091e-02,3.239976046659294173e-01,-1.094450951524366944e-01,-3.278598706475617779e-03,-1.964213892156750907e-01,1.724565507985854895e-01,3.195966167676104336e-02,2.641326181141535612e-01,-1.530845875186078453e-01,-6.864256484796067703e-02,-2.702766921381816734e-01,2.652101796451800109e-01,-3.550808720945705654e-01,3.532189895044494932e-04,-1.181535626375140646e+00,-7.227721057486830025e-02,-3.511763142677770677e-01,8.929533320853534628e-02,-8.216525198778060202e-02,1.096600052341394627e-01,1.127220154055822016e-01,1.543223267219446526e-01,-9.726994873893748950e-02,2.518186620019593480e-01,-9.409556956036266295e-02,-3.058989926096505330e-01,1.206045590770055825e-01,6.347731936799244634e-03,-8.811683834104935831e-02,-9.191404694061204583e-02,-3.626435476626133636e-01,-1.707992382624975158e-01,3.202583059025241319e-01,1.335740378177117660e-01,-1.666016070631243517e-01
3.523337917388488782e-02,8.210891555038267453e-02,7.096366394420262902e-02,1.047729380479720113e-01,1.253153670659064856e-01,8.715413903813652718e-02,-1.240734229376708360e-02,-5.059243225783569692e-02,1.855189603020798161e-01,-7.291793335753217475e-02,8.570538034958857798e-03,-5.319117771600688667e-03,7.359532035643120973e-02,3.553416294981552592e-02,9.275124684902474881e-02,-6.459845493541924166e-02,-1.878428062881405403e-01,-1.927290287700472379e-02,-3.331892695411799998e-01,1.888443283138743212e-01,5.004106828205971691e-02,2.413834344858886358e-02,-3.205922498472132259e-02,-3.337605715121969019e-01,3.458136008571982556e-01,-3.950666897836342395e-01,3.829303256696168778e-01,-7.155432998696291402e-02,-1.314319972761638922e-01,-8.679241576395901880e-01,1.211041447211488042e-01,2.487490191671879458e-01,-2.646458828745855418e-02,1.611980397076469285e-01,8.747184013494695154e-02,4.654591539241241527e-02,2.070940657544343422e-01,1.641470782892136826e-01,1.423663187000238362e-01,1.722181537532538678e-02,-1.940110431182578421e-01,-4.251370807152532287e-03,1.305999932503649000e-02,9.079596957057757545e-02,6.749456352331309125e-03,3.382327739536501558e-03,-7.063296370963968729e-02,9.033471463591948025e-02,8.000614846668853419e-02,-9.668888539418100947e-02
2.365558747992546618e-01,7.892297822395540063e-02,2.447752375892741361e-01,8.255752819113532093e-02,-9.766385124247795035e-02,1.136536119915457499e-01,-3.198957760917164328e-01,4.753332937413652648e-02,1.240017838580641102e-01,-1.160120781624059683e-01,-2.110533827240081844e-02,-4.327188613723470523e-02,1.032847580175564745e-01,-7.846643356846684514e-02,-1.775645409085682414e-01,1.005728548305563977e-02,-1.710359417614120414e-01,1.138125202258819663e-01,-1.337348164147587060e-01,3.575820632594399473e-02,1.503263751809158499e-01,-4.780479367239507706e-03,1.376219863834064056e-02,-2.086732546216374939e-01,1.264495878854020039e-01,3.628648943153136436e-02,-4.195945478204049506e-01,1.249473898501362312e-01,-7.373899965989315353e-02,1.994656138688176927e+00,2.245892455568117563e-01,-1.104818334198845176e-01,7.443230445597128972e-03,-1.556383359505084281e-03,2.546875284205415806e-03,-1.358154005891888151e-02,-1.019308019353526579e-01,2.008230484006042205e-01,1.072226907231736553e-01,2.252723070538772410e-01,-8.307725313867554695e-02,2.924900242883374246e-01,1.835035523626551701e-01,2.550164219519565623e-01,2.425915338271024055e-02,3.725900813673540535e-01,-2.556953042107910565e-02,-9.524032148569454292e-02,-2.473582763520911221e-01,1.283084578846161450e-01
1.748168882439050942e-01,1.912903633148767546e-01,-8.240498962853467710e-03,-7.271498373114855529e-02,-5.479785552341437382e-02,6.377779048774333270e-02,1.271849672410835796e-01,1.160126220690692184e-01,-2.901197472629966564e-02,3.368970530080642178e-02,1.701065246908699258e-01,-1.622775920256992466e-01,-2.669437582677253729e-01,5.830403299075638882e-03,-7.171053440232193210e-02,1.653208637519380797e-01,1.095787908626601748e-01,2.185726287409372193e-01,1.213641100536115291e-01,4.480427468052851081e-01,2.212268012338943490e-01,7.143394938833562413e-02,2.871463945063124079e-01,3.168001621303472293e-01,5.701474280126066219e-02,2.269301774896408386e-01,2.619498928999893297e-02,-1.463604663043896192e-01,-6.136280311662802023e-02,-1.121407234142089704e-01,-6.509355191562782306e-02,-1.844135571124612683e-01,-1.143958003365137116e-01,3.267111837355760051e-02,-1.761177350913017137e-01,1.374523012037715541e-01,4.989916230670239650e-02,1.494177832917269189e-01,1.129615569920198181e-01,1.012222492915328259e-01,5.387533257917390683e-01,2.902894278841710030e-01,-5.876808918258914077e-02,-1.889091924174427228e-01,2.901952770712232788e-01,1.657083774767128537e-01,-2.354211250353412388e-01,9.005591756398284575e-02,-2.636905663740539141e-01,2.471322470907461322e-01
-3.695085802948249593e-02,-2.697598976699730824e-02,1.229200166743281836e-01,-8.599962072908938493e-02,2.283118799197914328e-01,-5.831012619016446435e-02,-1.622186294271211748e-01,-3.787050516335315614e-02,-4.720018366620548633e-02,7.399456751886034078e-02,5.406690973931945615e-02,-1.355298040853283037e-01,-1.070190696945846481e-01,2.371133723791070402e-02,3.728248324079685982e-01,-3.263232471139093094e-01,1.218315035323966206e-01,3.441486246411732397e-01,1.984253006532352703e-01,-1.493783104667925077e-01,1.602209463859415040e-01,-1.075859545373444720e-01,2.202717301671031358e-01,-1.636262286931145227e-01,2.684846691038857980e-01,-1.108748711906229062e-01,1.306297301131905397e-01,-1.131633744810696118e-01,-1.227900390708109440e-01,-5.740454675511217353e-01,-2.708210438519743080e-01,-1.769268428350922739e-01,-2.345438819921714657e-01,-8.398056041167829833e-02,-9.539328092709059570e-02,-9.939731910522239811e-02,2.569691437947696500e-01,-5.600881739058800532e-03,2.515693349953012636e-01,3.076002982965935217e-01,-2.704156178402994382e-01,-6.654915857913715205e-02,7.341481529785301441e-02,-1.585963549010024204e-02,-2.015343239009983745e-01,-4.947480343593980284e-03,-2.718113269959974154e-01,2.196400808784886027e-02,2.683536352062011465e-01,4.018501197603190772e-02
-3.091461539838397457e-02,8.807437746453554775e-03,-2.627686529542631599e-01,-3.350262483012097017e-03,-7.080754768205313465e-03,-5.686403265759897713e-02,2.721530402869388188e-01,1.073407729010119882e-01,-2.083968852612468892e-01,1.147821643218047971e-01,3.121149516605923116e-03,1.558313987532755074e-01,-3.610736386469389214e-01,-2.306492632042109747e-01,-4.221044627622010381e-01,-9.833581803208187033e-02,4.657688925376242406e-02,-5.452103461367435733e-02,4.808517280252595505e-01,4.572243686239052529e-02,2.255135505851888628e-02,-2.243663136027725102e-01,-4.754305243247820834e-02,8.176731155433966669e-02,5.119355585377928231e-01,-1.781496137806385938e-01,1.574612632657243216e-01,4.475395682599274116e-01,1.370387119846099011e-01,9.155480163031494423e-02,7.669109207734126077e-02,-2.862114082867902032e-01,1.100332003758582172e-01,-4.300941804713342975e-01,-7.313558857955915204e-02,3.400383038174244477e-01,1.070491331279773278e-01,8.569467085194808209e-02,-5.316122472900176865e-02,4.432608597663466321e-02,-2.831055589399362749e-01,-2.245432275085159912e-01,2.342709809183999570e-01,-1.432757744946394074e-01,-1.341132049571410433e-02,9.095369382415591231e-02,1.999964215857175376e-01,-2.122402698598307436e-01,7.563667684493578791e-02,-6.879850994118408281e-02
-1.158088949853993549e-01,-1.080257914770116207e-01,-2.374924394763611724e-01,3.155436181345595559e-01,1.103181702372173500e-01,-7.285197231797156323e-03,-1.221399749928318984e-01,-1.852589566267420773e-01,-1.033595416728653460e-01,2.072402787490853215e-01,9.918705408268764512e-02,-2.014043671611108477e-01,-2.129526585660773963e-01,-2.648589308574005319e-01,2.342163793556421500e-02,-5.359821027826223994e-02,-1.056461691850118650e-01,-2.410943625588737038e-01,-7.126634250297957107e-02,-1.082820358317608672e-01,-1.266700417442563065e-01,5.030795247536681142e-02,4.318830928699618488e-01,-2.156757756171190019e-02,-2.458580888740690695e-01,-1.226776182472998356e-01,1.193430144770374485e-01,3.690702150733217168e-01,-2.235646070400668095e-01,3.823415114784615154e-01,2.602340261108411212e-01,7.568496228301366258e-02,4.847105787607042943e-02,-1.923474949054097827e-01,2.989988612245749952e-02,2.460426352981367748e-01,1.273842548785132922e-01,-3.105768701431044221e-01,-5.142376944370630892e-02,1.389271288423752637e-01,-6.202899053328858603e-02,2.077233060455855318e-01,1.861934119474860927e-01,7.632030478845876209e-02,9.243463164521931175e-02,-6.244479729501157400e-02,4.040719522094235461e-02,-1.278606260545047113e-01,-1.433189887398468032e-01,-9.650731588716664200e-02
8.188361858847527375e-02,-5.576756104775603129e-01,-3.465391491364088195e-01,6.467379778404123980e-02,-3.056969097041232347e-02,4.162455304534168343e-01,9.505135779077907854e-01,5.285078867648830281e-01,-3.132742585421709469e-01,-1.054284480233849269e-01,3.925583548607715634e-01,-7.715275135207104451e-02,-5.815931106021378083e-01,-2.612168847892389761e-02,-5.020691891268046492e-01,7.824750241205035151e-01,3.788864528559977574e-01,-3.509450368948207610e-01,7.467407149393392451e-01,-8.072173146473436700e-02,-2.428274382018098254e-01,-2.409209291933261388e-01,6.944132099871186403e-01,7.361908768133866854e-01,-1.201726791997722588e+00,2.522289893239300085e-01,1.725403441073598554e-01,-4.558367890804868039e-01,-2.728331893877544712e-02,3.112825445174401739e+00,1.435685827855412433e-01,-6.086162220326522820e-02,-1.676696728616270671e-01,-8.587956994012544421e-01,7.277029483532813092e-01,-3.036933170866016329e-01,-1.304966354453938715e+00,5.347598708040746107e-02,-6.747451477631270789e-02,-5.024028397485090780e-01,1.789305895357262921e+00,8.591380710095765094e-01,-3.646176198098576848e-01,-7.046053469571759154e-01,7.139901981297428479e-01,-2.411607503785372086e-01,-8.300726578249986720e-02,-4.207324287357730452e-01,3.096596610287610796e-01,-3.370600183818567297e-02
2.351457103534132509e-01,9.186054648323919991e-02,2.040955805224529407e-01,1.610339233634649481e-01,-1.444529995991220006e-01,-1.399964077673024332e-01,-7.254858299131579369e-02,6.388531939913674740e-02,2.635045351237919609e-01,-1.132843985724068386e-01,-8.054843777012581562e-05,-8.564071634662544230e-02,-3.757980822374120539e-02,-1.393579897906706555e-01,-1.037400133873338237e-01,-4.624743341758705273e-02,1.391670035020204635e-03,1.125185661508380508e-01,9.725492507975054546e-02,4.060784899618640614e-02,1.187425794184637923e-01,1.680559256737284568e-01,3.239536427783713535e-01,-5.438282104202935355e-03,3.154742940068239188e-01,3.357581729888912681e-01,-3.384291598590300626e-02,2.760215463476164977e-01,-1.457485215406013057e-01,-7.692443630322901016e-02,8.208779879948864891e-03,7.181843560701166307e-02,-9.213884569213638687e-02,6.074114998287583750e-02,-2.053422282487238903e-01,1.211897065282297320e-01,1.290290309853494022e-01,1.156815052773987927e-03,-9.828065827091116147e-02,-1.053084431521976970e-02,-6.887953635308209643e-02,1.248812859191247571e-01,4.868880906076714782e-02,-3.288380168514818402e-01,1.694004932904318861e-01,3.259034548274046261e-01,2.045273485868671567e-02,-3.468098420162236128e-01,-6.294531110660687989e-02,1.394016568919475563e-01
-1.140508074286007700e-01,-4.712540015784434655e-02,1.160862242140366929e-01,-4.395992868088691718e-01,1.772428849299260423e-01,-1.810625851898413352e-01,-2.966312020883618006e-01,5.417140256955103178e-02,1.695952308672891706e-01,1.182738672507054889e-01,-2.435907158825314500e-01,-5.569348426316764883e-02,1.305006710545231763e-01,-9.709263353230291466e-03,1.819573356349996895e-01,-1.234609387167399652e-01,4.555271895517819941e-02,1.130036101575402352e-01,-2.579838038612303763e-01,-3.277379189466200771e-02,-1.892084691617904046e-01,-3.229206604845140383e-02,-1.437471132198260837e-01,1.527218714746113870e-01,-3.825979703642632401e-01,1.873243222922409412e-01,-1.236771702110978782e-01,-4.466299309251192118e-01,2.214486731156634913e-01,8.745998944930766239e-02,8.153943879589849175e-02,1.163294390876039586e-01,1.028436213941947841e-01,-3.634609667027548507e-01,-1.067956349086037343e-01,-2.215872447231436726e-01,1.122710778521873176e-01,-1.193795168924380451e-01,1.996120611023091962e-01,2.675534878165137798e-01,-1.389554575127835701e-01,-7.835716815346803477e-02,-1.770815494361209497e-01,9.566040242885034614e-03,1.461260388469079741e-01,3.495469906992463432e-02,8.283192770255571116e-03,1.169757333681841344e-01,2.184473019312119929e-02,-8.417822417487390296e-02
-1.221656187469795235e-01,2.465807210635816982e-01,-6.458889511690449337e-02,-3.976049073337533518e-02,-2.177863747445708820e-01,3.890277763943817968e-01,1.915405673559547606e-02,2.815871173349262027e-02,-1.265109581254440230e-01,2.928577694691623587e-02,-1.043202202529258243e-01,1.688815047815702963e-01,1.956801424865145522e-01,2.171664081299559679e-01,-1.495302105749223356e-02,4.840566290758012424e-02,1.081019100951550460e-01,4.053942300927188686e-02,-1.270088942689661382e-01,4.469706087432108177e-01,7.598478010905579394e-02,1.770894673587930165e-02,8.876793274902676500e-02,-7.996405326967326310e-02,-2.310254171765612624e-02,1.044076188240181391e-01,-1.102099367304709560e-01,-1.585786662378410317e-01,-1.454202717557266100e-01,-9.163223008334379915e-02,-1.628691073246494314e-01,-1.231829500588564261e-02,-1.208637630606864549e-01,6.490853344698466199e-02,-2.336333479750028475e-01,1.129089029169384056e-01,1.091767962823623206e-01,-2.152735037801487700e-02,6.569912911796216282e-02,1.565466463029507871e-02,1.402658280312148731e-01,9.593858276002883989e-02,-1.764324853413876681e-01,-4.593423484610884705e-02,-2.570814663639121034e-01,-1.907456612854077083e-01,2.676490557210365884e-01,5.725909785836970356e-02,-1.254005128626857479e-01,1.770164114660519594e-01
3.455289738621095674e-01,1.062228993496316526e-01,-3.655708799143955051e-02,-2.231068826394625171e-01,2.035793718269920949e-01,-2.548739170788510977e-01,-3.260057302803993050e-03,-4.725706304666976720e-02,-1.002967830737408611e-01,-7.442984188546146462e-02,7.923565585154793145e-02,1.820954786767103040e-01,-1.140216029333166459e-01,1.634443127289871844e-01,-4.115166823102842791e-03,1.050588351937671305e-01,9.949783494573960496e-02,-2.674609851723926957e-01,3.246013338962787653e-01,4.775882416718856271e-01,3.151542112640465798e-01,1.306570391345880933e-01,-5.471878502476185818e-02,3.059768191129074721e-01,-1.028153516007992568e-01,1.632204406788113349e-01,-5.396589772157731751e-02,2.552778748815797139e-01,2.251212469685858752e-01,4.616680427315268398e-01,1.262539202977704389e-01,-7.750560463410501033e-02,1.695789534195040610e-02,2.734136505138752282e-01,-1.929453117893053793e-01,-1.396639263437192413e-01,-5.677528169591058993e-02,1.570104936878231883e-01,1.486357425301798041e-01,7.324370238830657520e-02,3.890327056314492049e-01,-1.968985529761082404e-02,-2.196026905224178205e-01,-2.063319970522413671e-01,2.077190135594673137e-01,-4.545194204361992403e-03,-5.813426471693637632e-02,2.586717497214323647e-01,2.588123814287622837e-01,6.141532227456225623e-02
1.036537150077495029e-01,2.552714594073957066e-01,-1.536015270652395515e-01,-1.538083944498659650e-01,1.929855683276607559e-01,-3.216678600737291061e-01,-1.641689542787424516e-01,-1.700592810565494661e-01,-1.757612242746378617e-01,-2.263156581512245497e-02,-1.364474755913594982e-02,2.053650997088373176e-01,4.432422097068385329e-04,-6.462890166935086889e-02,-4.672046057996000895e-02,1.275655543429673466e-01,6.799963690899936408e-02,1.384861145013739636e-01,-9.928712323227456560e-01,-2.423426712190731441e-02,3.866733744836631792e-01,2.498107283918205301e-01,1.840258953101907846e-01,-1.562656664808438969e-02,-4.115935792264888149e-01,8.617242208864384079e-02,1.436634740540378985e-01,2.406503774841667886e-01,2.340678675526645103e-01,6.315421846487475621e-01,-2.386033831210797040e-01,2.027820095676047263e-01,2.027841581091087697e-01,-7.955854831087098844e-02,-2.529370711702809138e-01,5.713801874668119479e-02,-7.961819127201637258e-02,2.468128723822353709e-01,-2.729903552553652468e-01,-6.510748710153806129e-02,1.857352561799955615e-01,1.370890895786371910e-01,-2.283092913850489902e-01,-2.194963906689017530e-01,1.038647871542865003e-01,-6.151018161031650971e-02,-7.810148027980297336e-02,-1.441131886595564127e-01,1.284755989278175137e-01,-5.635037931040646347e-02
1.530170265225555271e-01,7.477603062890007812e-02,2.672584001857786773e-01,8.266692320143119443e-02,-1.680035514367539118e-01,-1.879012659742574920e-01,-1.738519723300719078e-01,5.841994453770264772e-02,3.287010649040647547e-01,1.844885378197156922e-01,-1.283617697168915883e-01,-1.042560721425695169e-01,1.998816036121670026e-01,-1.016665892124520715e-01,-5.332811507501617615e-02,7.266000332388909688e-02,1.718661911687391630e-01,-1.585389431383371628e-01,3.191544637565217335e-01,-8.256096406444039110e-03,4.934552024043174778e-02,-1.414132046842366264e-01,2.177345496972770411e-01,1.210313998919823053e-01,-1.814329656122466161e-01,-2.137113261501434325e-01,-2.074018159706580988e-01,1.777333691100007884e-01,-6.635223330101411299e-02,-2.444245754183743957e-01,-1.097759136977910221e-01,-5.175023529336624656e-02,-7.076364019849225306e-02,4.666971329410292690e-01,-7.118256171208020566e-02,-1.465876276946541101e-01,-1.988223204673316424e-01,-1.178140717529770065e-01,-5.831991137771093403e-02,-8.494461810387740619e-02,-2.074878130223118400e-01,-1.334550867738158453e-01,2.771677319355114189e-01,-1.434448704582894085e-01,2.688356900981598852e-01,3.893001716484933115e-03,2.645452217109131587e-01,-1.695342592929535430e-01,-1.925153398534851512e-01,-2.159099148159468809e-02
1.128160985389124044e-01,-1.177648367016756181e-01,-3.299350184428636035e-01,-2.119364558627624684e-01,-2.120522505620074383e-01,-1.382681059873334117e-01,1.846557791672340521e-01,-3.487004382908250044e-02,8.177299064311117915e-02,-5.871997048095943354e-03,-2.235470669877975547e-01,4.696066849403313787e-02,3.088737296262378251e-02,-5.884413046975937693e-03,-1.182061814987555304e-01,-5.999835294505401900e-02,-8.886650397178832983e-02,-3.017753929074343255e-01,3.510705527739652054e-01,-7.253261158797751074e-02,-1.254947878517520890e-02,-4.524702083861882884e-01,1.855656676697327867e-01,-2.770492810956443619e-01,-2.617608717800242735e-01,1.379053735108854983e-01,2.224427584615691067e-01,-1.464834717576097844e-01,1.789270547559745073e-01,6.589423025712636273e-01,-4.922075565461217495e-02,2.596770373819327071e-01,-2.060729824762474668e-02,-1.016414094527814255e-01,1.912347733037877140e-01,-4.075963266427354292e-02,3.150300639636063327e-01,4.348126614239181814e-02,1.203131065139028538e-01,-8.434982592408901692e-02,-2.138487054435374013e-01,-6.642896391214452023e-02,-1.068713113388052999e-01,1.519916533474465967e-02,-8.455773352658041420e-02,-3.080357316781310861e-01,8.975899154463283514e-02,4.959058675108257708e-02,1.661332476603509800e-01,5.264888625917306386e-02
-4.960710549974647887e-01,1.150622220957220471e-01,1.352524960778280216e-01,-1.626276036925161650e-01,-3.723726855514099265e-02,-1.168949951950037647e-01,1.005438661694384866e-01,2.947730794893312356e-01,8.124570183688974156e-02,-4.839858993448778457e-02,-2.130042303857815900e-01,-1.064798257850739921e-01,1.862867110380174163e-01,-2.630924391528724482e-02,5.889631289598776243e-02,-2.912155104035100139e-01,2.115699152748947431e-01,-2.523144798638443306e-02,-5.809629197941931777e-02,-2.072570338894801911e-01,2.126037940885182886e-01,1.177072466412056456e-01,2.869072190228573738e-01,-2.455834839176525564e-01,1.824008313247927893e-01,-1.559405885369134770e-02,7.903378075977095241e-02,-2.066018090644066163e-01,-1.736854421811392102e-01,-6.770769424294795225e-02,-2.899465144266171433e-03,-3.284811692568619934e-01,9.492197006151141536e-02,-5.949911871149295844e-02,1.135922501932678519e-01,3.297389434762534877e-01,-7.434031010574219944e-02,-1.998401999631530257e-01,-1.013819081582580661e-01,-8.013052489487966501e-02,5.457531970232161467e-02,-6.114595972407910890e-02,9.492184053473359806e-02,-1.635734119958977550e-01,-2.659914676926572463e-01,-6.710197999129924318e-02,1.726430942592283371e-02,2.018393333653266675e-01,1.491235080432789795e-01,6.518998714306212250e-02
-1.856258098670570122e-01,5.306695855646333809e-02,-1.989837038242668055e-01,-2.375784428026619377e-01,1.968595049925950524e-01,5.119474251703584611e-02,1.899523059167149419e-01,-9.450561779689103936e-02,-1.205115725550291034e-01,1.165651337294611595e-01,1.616833859328193901e-01,4.881390210817693892e-02,5.537913771390488848e-02,8.777745187488350531e-02,-2.580748847543631319e-01,-1.569126060654885829e-02,-4.363168058912271496e-02,-1.474932924150441360e-01,2.469905629188879070e-01,-3.863040240666883868e-02,-1.188617205788562899e-02,-1.554190192839466911e-01,3.679333862774720743e-01,9.645514266858079555e-02,-1.531779699497195502e-01,-3.751717235697270975e-02,-4.561781432217922039e-03,1.724708590341219594e-01,1.304965573777501220e-01,6.978213970739796657e-02,-5.822164322587206411e-03,-5.881925722993090050e-02,-1.652583207025716261e-01,1.826832484936943557e-01,1.627139734321532694e-01,-2.288836298191701882e-02,2.014006147466842200e-01,1.524134944652776602e-01,1.308856021302183537e-01,2.889189133843622082e-01,1.896596917428302886e-01,-1.296618624970950207e-01,9.694583874016091118e-02,-1.179052748016834462e-01,-2.356986550123917612e-01,-1.407738094248231486e-01,6.350459287637277850e-02,-3.398165003125134254e-01,9.996171593005107048e-02,-1.370380147461662812e-01
-9.374839183889309424e-02,-1.091080671057098467e-01,-9.949890002432282277e-02,-2.577688383352862433e-01,-8.620830332186707468e-02,-1.723744589502165803e-01,1.570337447603767644e-01,1.738874919076179026e-01,2.411421366178316261e-01,1.656630147759216853e-01,4.153231715708384508e-02,-1.763454538573091812e-01,1.856980677833212912e-02,-1.215910000323100065e-01,3.080199514680687783e-02,3.052118319211169495e-02,6.773847824780084015e-02,1.601863338301364945e-02,5.549120296718712542e-01,1.649070471628448220e-01,-9.326413144059554627e-02,-3.414469345816183860e-02,-4.528520582983321108e-02,-1.249816271108938753e-01,1.294911775196889159e-01,-1.115254085289218156e-01,7.829171603217371933e-02,-1.328853566402931619e-01,2.138716201512470272e-01,5.048735377555186865e-01,1.223590055927394615e-01,-1.503087785408507848e-01,-8.425719154152862267e-02,-1.403772223906650796e-01,-2.268262072369171545e-01,1.391885080897602676e-02,4.961066702429922648e-02,-1.369519705174034041e-01,-1.159971313374128649e-01,-4.180542241951138993e-01,2.027595082698935014e-01,-1.622221678697167713e-01,1.112712728928363579e-02,-4.169066962172732899e-02,-7.771504700525963538e-02,-3.520132468823602978e-01,-2.240855248487929885e-01,-1.346365479738081405e-01,-3.346242142354075716e-03,-4.795932401339240286e-02
5.360618257273688098e-02,-1.886474011062656830e-02,-2.171168595040423865e-01,-5.168649380683404404e-02,1.486745266476976468e-01,-2.457166439975448646e-01,4.653839841783006387e-02,-5.838564985857665895e-02,-1.335373762697194822e-01,-8.576088274962864744e-02,-2.495425976824598435e-01,1.399845666875940975e-01,1.288923371701601872e-01,1.594673697435899928e-02,4.836617152587279617e-02,-9.091442950516653854e-02,-6.860418684676508616e-02,-5.722769114058361140e-02,7.598176830652082769e-02,9.173191391083511739e-03,-9.892815601733849495e-03,2.052192710233929906e-02,6.251600983276732471e-02,-1.880749799973040481e-01,1.115385215456088791e-01,-2.959012226425553754e-02,4.042585154657050983e-02,9.153329871074422641e-02,1.348029057033713340e-01,1.817653035021122410e+00,-1.212344076401187243e-01,4.744113026928816618e-02,1.202718555382263493e-01,-4.280688552948581395e-03,-1.285652014692453306e-02,5.601654807269378089e-02,-1.058189368969695426e-01,-3.431663721209892316e-03,-7.777172045093579122e-02,-6.990943473268444730e-02,-3.856792358249235275e-01,-5.676573380780393363e-02,3.513296659447676801e-02,6.660932558733526077e-03,-1.088150973800386667e-01,-1.207371802464292099e-01,-8.849434358092457542e-02,1.847656456693731047e-02,2.289405074225928372e-01,-2.318109977744592376e-01
1.303709245719401610e-01,1.536771272695931501e-01,-9.323648998838984792e-02,1.183360937297583543e-01,2.031123465865236344e-01,3.457376411995608523e-01,7.355411612146943445e-02,1.054783264119757424e-02,8.836272447359520832e-02,-2.705408160768201561e-03,-2.068876261536345129e-01,2.406802266014917979e-02,-3.965839899552237591e-01,-1.462235863645615086e-01,-3.208661423456705963e-02,-2.212316398373054827e-01,1.927658277550243215e-01,-9.605672357172416465e-02,-6.940832968626438337e-02,6.571164323310127453e-02,-1.545401208532556567e-02,2.078773374169124721e-01,-4.819105564130042596e-02,-2.536186259349175812e-02,3.480822952212899168e-01,-6.567840658041876334e-02,-1.244713075364606014e-01,2.887936751991670437e-01,3.127018807536396244e-02,-1.027029708014046472e+00,1.212657411686238890e-01,-2.036151975048659801e-01,-1.202821882922677221e-01,-1.257412528784749017e-01,5.833155436772535091e-02,1.100108046166218823e-01,9.248754990980068147e-02,6.698551609287589637e-02,-1.056653488410179247e-02,4.073415666380010292e-01,-3.242780727667479157e-01,2.139699756256739083e-01,8.434494280414281397e-02,1.661003771043415289e-01,1.511399358997882469e-01,-2.408683865435874150e-01,1.758540131294262787e-01,1.299996884592852509e-01,3.123532264061794003e-02,1.928473783323257085e-01
-9.845968608887564755e-02,-5.283274438166031539e-02,6.018782417979069710e-02,-2.168109262069649601e-01,6.786425918344835516e-03,-1.687415587506087555e-01,-1.030888942920496834e-02,9.406791436404646212e-02,1.410278336235213092e-01,2.213064125328778331e-01,2.190897496136921807e-01,6.279739462452148258e-02,6.561680345413659077e-02,1.814791601499166941e-03,5.939890187992941106e-02,3.854732619142228756e-02,-7.527761712190857157e-02,-8.142147056940385319e-02,-5.414000830485460325e-01,7.348554435104992510e-02,1.896430163001562585e-02,2.221075077340116388e-01,-4.548765087475826335e-02,-2.727643973507591912e-01,-1.425551637000706529e-01,1.298870948471707587e-01,2.732477292853169662e-02,1.463399869452748914e-01,2.007637974050069107e-01,2.298748905952210098e-01,-4.212675092689157491e-02,-5.164500202080144625e-02,1.399079977075832169e-02,8.579087106241695126e-02,1.413356218638727180e-01,6.850491613899117871e-02,-7.666954505647585738e-02,-1.358321494378153804e-01,-1.253119864474572520e-01,-1.085475355266463798e-01,-5.688511656916581671e-01,-2.713908872575861164e-02,-1.754180622690910962e-01,1.659936722181485080e-01,9.771599615786900894e-02,-2.750926445486950311e-01,1.420301929860374457e-01,4.800167461758084869e-02,1.109710121677075501e-01,-1.157452233829274479e-01
7.140809343878395943e-02,8.047724812266335292e-02,-8.680035463341174984e-02,2.066639652396028495e-02,6.247033084206602555e-02,1.084015939445916350e-02,-5.817080994898236879e-02,-1.187862556850174944e-01,-2.346570795430591161e-01,3.434031918663842109e-02,2.573434009713461701e-01,8.629356868469111042e-02,-3.224049240168783137e-02,-1.858485860842465087e-01,7.999492052397472186e-02,-6.892283024541968894e-02,3.358088840259178531e-01,-9.899244904348902807e-02,-1.117306326231200519e-01,-8.140610003043651866e-04,4.926918508663750973e-02,-1.445765044395050658e-01,-2.329444060992968135e-01,1.955700964289752986e-01,3.315026634546812123e-01,-3.364190447364655556e-01,-3.138785010596504832e-01,-1.210306096199271000e-02,2.640613653690390139e-01,2.336649759805931037e-01,2.312513172252743388e-01,-1.346329044446347573e-02,-2.529651173930410613e-01,3.748240949212951478e-01,-1.890303632993319272e-01,-2.697346928690518286e-01,-1.373934567348606972e-01,1.534360648810077499e-01,4.451556120122262400e-02,1.944971764152730320e-01,-4.337893580645184044e-01,7.394847568943599403e-02,-1.616085304950320434e-01,4.831675922431283299e-02,-1.754565354474431349e-01,-4.450951195871465371e-01,-2.754660137740736481e-01,1.039166723510129842e-01,-5.214001701793902210e-02,4.520181430451292864e-02
2.071779656388835211e-01,-1.925350677229753851e-02,-1.321651544203937267e-01,-2.734980365262505986e-01,3.796420176049163098e-02,-2.513005527664108896e-01,1.552051877598806529e-01,-1.666804663624004146e-01,2.044661807553054267e-01,-1.182492218709578907e-01,-5.873398541962183278e-02,6.407681302675566348e-02,-3.453924281808363334e-02,-1.390690479931167012e-01,-4.499074962860578897e-02,-8.980018473048523298e-02,-2.215562497091511096e-01,-2.879999858484751929e-01,1.760636595494984302e-01,-2.209576155174164391e-01,1.142761125640817804e-01,1.307115570143250749e-01,1.635959334316333669e-01,-2.644345192035539305e-01,-9.730992792400681990e-02,2.545066173573278800e-01,1.382817996664689741e-01,-3.694136147601521925e-02,2.348869409883363180e-01,1.562785081429055034e-01,3.046212691832632033e-02,-2.253387832502380117e-01,1.055532798526153254e-01,6.293368678591397536e-02,1.633212394837221804e-01,-1.413903144479212448e-01,1.603687266292911917e-01,-1.345761543880637512e-01,-4.610560963504755499e-02,-9.225254163075545522e-02,-2.084097284520352866e-01,3.676268250382890013e-02,-1.193467277780515950e-01,1.655706707115043586e-01,-1.676866193794877002e-01,1.603298299327369780e-01,-1.181887623583680325e-01,-9.082410974261517778e-02,-4.523030503631066956e-01,6.214817413012934527e-02
-9.856317650855557500e-02,-1.398013378434271592e-01,-6.729412597917286409e-02,5.602239430285910898e-02,-1.122011729448472023e-01,-3.678348697045988325e-02,-2.083406250932279824e-01,8.208576403033379654e-02,7.725381440383083387e-02,-1.973601396830001742e-01,2.665381168109359211e-01,-1.893621667638149542e-01,4.344569563455840527e-02,-8.000812653629230109e-02,-7.481754442135120364e-02,-1.028799588091073268e-02,-3.882644644420052416e-01,-3.401661372083709250e-02,-2.764693865878896650e-01,-3.426635639800205135e-01,-1.042485323654739199e-01,-2.388166969433862252e-01,2.454765106880795744e-01,2.097764631072613836e-02,1.562630368437779860e-01,-6.529443808534307614e-02,4.497507613369021440e-02,2.452699276736387546e-01,-3.830202673666151525e-01,2.028147553988260299e+00,-4.362362992635110404e-02,9.795876818611867765e-02,1.965761410897424177e-01,2.533621294603611851e-01,1.959022527358115218e-01,-1.270814240171411480e-01,1.413473432915400563e-01,-8.547238040357081623e-02,1.463805124013835834e-01,2.906759272243120140e-01,3.615752575060559026e-01,-1.655307091893227778e-01,-1.923757359691948277e-01,1.488956063711712463e-01,-1.479747544109463742e-01,7.547710993338231367e-01,-1.745129054116031225e-02,1.767675814772960430e-01,-2.200126121670723314e-02,1.387458358651360857e-01
-1.660757462428610887e-02,3.618633767263375600e-01,-2.867933856437473450e-01,-2.111094358991036923e-01,1.111985269567176970e-01,-3.233726835904048302e-01,4.986038319714141687e-01,1.171388970115754130e-01,6.760221282832437062e-01,7.593512876638251752e-02,-1.715290189710916291e-01,6.934504533747723465e-02,-9.999927579558323676e-02,-8.300529260983831314e-02,2.284469795319377938e-01,-2.978724652410067453e-01,-4.772460179091002341e-02,1.218877744923659856e-01,2.253255315590702579e-01,-1.455515374518168981e-01,-2.918037744282794138e-02,-2.794027486504573332e-01,2.167454985182545001e-03,-1.694274155063585918e-01,4.897421323176656127e-01,-1.420697848584491323e-02,1.366452245582152891e-01,-9.487134960144305573e-03,-1.686325863539994974e-01,-2.745830569780751129e-01,1.942817222731386684e-01,7.628414795830308626e-02,-4.629960341219723635e-02,1.057961403540088746e-01,5.099115990387854680e-01,1.242693929205162667e-01,2.521132158638237919e-01,2.876857791555412769e-01,-2.569598057019878423e-01,2.943755482290016379e-01,-5.595367841291796207e-01,3.757463144550826084e-01,7.193396632495031862e-02,6.046840438042494492e-01,-1.946870675192718114e-01,1.190608218474258628e-01,1.391492638064009690e-01,1.558587900069658416e-01,1.477981810456830414e-01,-1.978193647909451680e-01
-3.204613050933657892e-02,-1.659663796618069120e-01,-3.133713515917042614e-01,2.572384657411192488e-01,1.163355898704065416e-01,1.384047775707811789e-01,2.726264446855991910e-02,-3.079842793441375792e-01,-1.271564149486215101e-01,1.787364020765044303e-01,1.201888452862829165e-01,-3.576634886128898100e-02,-7.664824564897997072e-04,2.737711179370803660e-01,-9.700677001053492621e-02,2.238528458515814112e-01,1.350046020319810858e-01,8.855172752769636946e-02,-1.132080757959761153e+00,3.485723324880602436e-01,-9.169124623242155825e-02,-6.686731820204795673e-02,-4.373211536148547407e-01,3.333574013015255799e-02,-1.635748334835192830e-01,-5.505445617498016392e-02,-1.093256627202039526e-02,-3.696128362582138532e-02,5.666787508876273277e-02,-2.503994027798742694e-01,9.340611843433560546e-02,-6.645949058416626698e-02,-1.431828873012317982e-01,1.956855686830732688e-01,-1.112379124954442078e-01,1.045007478227147207e-01,5.716163085855067993e-02,1.161439176431891124e-01,-1.725956686550814967e-01,-3.635972092747503659e-01,7.274644670770160151e-03,1.464693779073279745e-02,-2.725129682299789330e-03,3.681722719233189167e-01,8.365269816868187158e-02,-2.973857318007219197e-01,-1.260131691732313264e-01,-3.214742317997408838e-01,-1.625427723361697330e-01,-1.284688648514401843e-01
1.741313679756504099e-03,5.489538809465441260e-02,-7.138416802349965840e-02,-6.333269468133645441e-02,1.659987645628639985e-01,-1.984781877350640933e-01,2.494231600871869570e-01,1.858317614952109675e-01,-8.721645780468280373e-02,9.341240365353391251e-02,2.513998124328781225e-01,1.381190786198394360e-01,-2.228887685404339902e-01,-8.819521449659846468e-02,-1.089950198051116009e-01,2.590278753774320764e-02,4.032603606014685260e-01,6.301640894691500072e-02,-4.221961398245988040e-02,-3.025584355106065715e-01,-1.228725373242240265e-01,-1.832939128246233729e-01,9.341386125719594591e-02,3.433544541753993234e-02,1.541997527592547934e-01,-1.411878182600947995e-01,4.900427644478492217e-01,-5.875738804992093611e-02,-7.549211745862592637e-02,1.049167563066117081e-01,-1.086783930948615889e-01,-2.113792021293618706e-01,-2.088685869613380042e-01,1.039059312315663251e-02,-6.138081457845782907e-02,2.190489229421165029e-01,-2.395840567463562443e-01,1.759973177074615480e-01,1.308663996789697359e-01,1.061191276098089470e-01,2.345368994063506962e-01,-2.008105648081484618e-01,-1.100891704103512114e-01,3.294832942278112797e-02,-4.771248480364973128e-03,-1.654537374372583303e-01,9.517741029151262355e-02,2.930340017472800318e-02,7.946992924823233218e-02,1.421142529658039055e-01
1.022845364610895647e-02,1.013171315106294185e-01,-7.584369243979204034e-02,-1.369764114065099014e-01,-1.648441635487881973e-01,-6.455064169800327212e-02,8.907726638233788574e-02,1.066737030786018836e-01,4.445817763127294514e-02,1.522167339488106896e-01,-1.208753713616558811e-01,-1.323706006383467693e-01,-7.155677260449096189e-02,-1.593680717588680240e-01,7.472615272570352907e-02,2.118540758867126228e-01,1.668754997431629583e-01,-3.862070401328802638e-01,9.488017219940465818e-02,3.103103083848569588e-01,2.656113875039685657e-01,-4.492370622717600792e-02,2.893328208026782478e-02,-7.647982127772477712e-02,-3.311802008842855694e-01,-4.617761390715206110e-02,1.816380245485535172e-01,-1.123117324704716105e-02,-1.872608855672810296e-02,1.145040633089900173e-01,2.952386856725911293e-02,-2.148602448994653691e-01,-9.958523077721770367e-02,5.877414720291358058e-02,-3.108780251517034854e-01,-1.127802327550157524e-01,2.559622153765545027e-01,-8.730178838439327238e-02,8.382472723930861624e-02,4.641362998949202789e-02,1.644386958444068458e-01,-7.757505197336805880e-02,-1.280005632748064393e-01,1.009739051647224606e-01,2.779667510595887174e-03,2.418281246405201979e-01,-1.513361720282768441e-01,3.836322691720059352e-01,4.363209606887206299e-02,1.389968794164720134e-01
