1.265988902478126267e-02,1.974852653882402109e-01,3.272583282680203709e-01,-8.706311341935674131e-02,3.272027289149757184e-02,-1.053552674174765280e-01,-1.167290844515174175e-01,2.051435277825018055e-01,5.655098420330491038e-01,-3.172605006981512044e-01,-1.491500731234426946e-01,2.034565366191043445e-02,2.002411572824443486e-01,-3.417303504056296015e-02,-1.776183915998035545e-01,-3.825267497840674769e-01,-3.498025617132033416e-02,7.657795866895751591e-02,2.255786819293892076e-01,9.378833871006393361e-05,-1.506311996097957906e-01,-1.492833561605740565e-02,-5.954234795433538396e-02,3.510130246381058527e-01,1.820138560136175809e-01,7.831542879107492028e-03,-4.070469281687388863e-02,1.831232567611152107e-01,-2.181054881912496135e-02,3.547057516832108348e-01,6.764543671689347837e-02,-2.037367820237199756e-01,-9.368200809890551983e-02,-1.012522007454916828e-01,-7.785009811223844722e-02,-1.958203674752591050e-01,-1.485288929143561698e-01,1.494325804850206718e-01,3.829855017607097789e-02,1.455262979718999761e-01,1.382458820099353725e-01,1.911186136326741003e-02,1.592506953420727844e-01,3.576508109306270611e-01,-4.081341994073112850e-02,-1.289360252115233085e-01,-1.823801662730769324e-01,-4.087801748958290182e-01,1.964145639392630149e-01,2.925860641638632353e-01
-4.425974954627571317e-02,3.010226434055912059e-01,4.115381270805464342e-01,-2.213878800281944559e-01,1.734068987171070997e-01,1.018136002571757404e+00,-2.147851220017805152e-01,-2.809871234825288000e-01,-2.211522843152217699e-01,9.307825797153706365e-03,-1.286724321418588612e-01,2.348890985953942107e-02,-1.766875682996349173e-01,-6.119056657160616003e-02,-2.721722409071200000e-01,-4.967725439445777602e-02,6.682843912813561660e-02,2.736254723904034125e-01,7.369040999309396656e-02,-1.965840822482401162e-01,1.873835338243121096e-02,-9.483168201748980175e-02,-1.408116442334229335e-01,-3.587506912207138465e-01,4.461254558224077987e-02,8.690745978437453001e-02,-1.676971310406380755e-01,-1.089421212339447553e-01,-1.834904969250631401e-01,1.117446186219814841e-01,-3.677916153152832046e-01,7.394675232412158128e-02,-1.063617619898084982e-02,-1.656248679323585327e-01,-3.686941987472928950e-02,2.081544539717953002e-01,2.906323442207821572e-01,2.160637662529341640e-01,1.320257286752117565e-01,-1.426380888931390398e-03,-1.679307116410107548e-01,-3.346924289188863977e-01,-9.054018978737815582e-02,-1.177164481828835596e+00,2.732901672563516904e-01,1.103947595961352751e-01,2.199918039489604793e-01,-1.684698531968608914e-01,-2.391383327540714532e-01,1.693994577428623027e-01
-8.506779807003317373e-03,-1.653159457991472125e-01,4.397640929379621477e-01,-1.713825360888298066e-01,-4.619320661265831351e-02,-1.020354067170400114e+00,1.926102410540747080e-03,-6.486168698117680820e-02,4.181211582346451294e-01,-1.456465725801532052e-01,5.295871019930500356e-01,4.824767733171338169e-02,5.888357741283673646e-02,1.787934841792012536e-02,1.263280279127406425e-01,-1.877689431750197979e-01,2.609987823985986388e-01,-2.919816110024574529e-01,3.241974517950020895e-01,-7.801467650878185500e-02,-1.310084706370456265e-01,-3.790505815519971261e-02,-1.233825402137297272e-01,1.045823013946644564e-01,-7.825803739036904516e-02,3.276096860670695693e-02,1.722310979362024486e-01,2.013623095889275905e-01,5.185476190317809264e-01,-2.316173434337428019e-02,-2.456314492769376412e-02,3.536373510408136536e-03,-8.673580311776943330e-02,2.509820069426242917e-01,1.894178552376727942e-01,-1.895592584549098680e-01,-9.612265803653866070e-02,3.091535869076815143e-03,3.436790005803338488e-01,-1.200982101762902432e-01,-3.314736367573790088e-01,6.912353550569227956e-02,-6.544451469279341516e-02,6.643186341555401553e-01,3.532301029996276487e-02,-2.147666035938683993e-01,1.021554474796824812e-02,-1.259359954700819441e-02,1.619987423080773981e-01,-2.001388667226752793e-01
3.191536131906753115e-01,1.331008295704773914e-01,-2.136218796744141224e-01,2.045106307834487214e-01,-9.946932402141461793e-02,5.581683322972200711e-01,-2.551734218168712487e-01,-3.161292379526333129e-01,7.446164692844290389e-01,-4.905800943043864965e-02,-4.333785090223851028e-02,-1.755522523658614980e-03,1.744338150678791388e-01,-1.785852721340623270e-02,1.166065835720790228e-01,-1.456204649325512634e-01,2.074025800682045562e-01,-1.657064228419782015e-01,-8.631538997073348041e-01,9.156999887788695724e-02,-9.062695281266824887e-02,2.450106644960155788e-01,-6.664031872023240891e-03,3.047696021656916554e-01,5.253306513556011553e-02,1.550389799266594093e-01,-8.095959803033665747e-02,-1.983062549894443194e-01,-3.548899782637156552e-01,-4.479658533834349199e-01,4.499812442519921657e-02,1.058553616535602704e-01,1.388649068281746779e-01,5.394403539161299888e-01,5.971454574238689583e-02,-2.889310162659549652e-01,-1.060013241242838411e-01,-2.738789479038933328e-01,2.738726246967160272e-01,2.426690055824938172e-02,2.192443691630680258e-01,-7.598969819915719903e-02,6.286624599913608058e-02,1.066031069713419877e+00,2.368841484398303276e-01,-3.322548539400703160e-01,1.516215102558752387e-02,2.130215226692478980e-01,6.232225551044739964e-02,-8.421947067880686255e-02
1.035143879596907707e-01,-1.781250512216139281e-01,1.435207258256837592e-01,1.471023092600769883e-02,7.667755981045230353e-03,-4.421259119566091078e-01,-3.245041447303144699e-01,-1.446397119372447131e-02,1.889613572109993533e-01,2.312518308871242267e-01,2.199470020004624660e-01,-4.170075734428002057e-01,4.064484021535056391e-01,-2.520347342768582220e-03,-8.285630593805522193e-02,-1.896304161411251077e-01,1.590553672523454254e-01,2.239332422518103966e-02,7.101410913086558807e-01,-1.754597857504648639e-01,-1.261922709999276360e-01,2.141742660947991983e-01,2.145609791809535705e-02,-1.417902701832557122e-01,9.255522764305751382e-02,1.765164990233916154e-01,8.801953488517325064e-02,-1.545733434051521638e-02,-1.084051144425822177e-01,2.324921352834584676e-01,1.835456885731530652e-01,-2.088373419891586535e-01,-2.177971365726873998e-01,-1.355366741627579974e-01,1.115459514515431683e-01,1.341267953467364070e-02,-1.320635740550027068e-02,4.639394970973111793e-02,8.857884199019010196e-02,-1.084939465878321380e-01,4.259863729411388078e-02,1.140854519898672759e-01,-2.622567507789698715e-01,-1.205865638091878855e+00,-2.190203179442360149e-01,-3.526787401655486764e-01,1.611342539952724529e-01,-1.136468554062479985e-01,-8.398502818185731023e-02,-1.690170803731160243e-01
6.820003628590527722e-02,-4.823297885396064799e-02,1.333419149338527232e-01,3.487845789166867799e-02,-3.656925018671890876e-02,-1.228412146154544082e+00,-5.191014253616850482e-02,3.745487665441542963e-02,3.348987737553659194e-01,-1.408664319467933281e-02,1.300701000336250412e-01,-4.272775122694683070e-02,-2.477392280027945065e-02,3.156527330029907513e-02,-4.660693417400638139e-02,4.016284506796366505e-02,3.436862353666392776e-03,-2.867340087144613220e-02,8.598558160663784256e-02,3.002843365772557560e-02,-3.912732283476925282e-02,1.076557275139055775e-01,1.633638182423855223e-01,-1.455074298376668185e-01,-1.037316840457353923e-01,-1.498269682581505613e-01,3.925858232283942900e-02,1.563696553450299731e-01,1.362866513049580119e-01,-4.710586326144744485e-02,5.523979002405042527e-02,6.309166060987665692e-02,9.069475202731350216e-02,4.243596814978378012e-02,-2.566069665398896388e-02,-1.209108293690571573e-01,-1.329254482177091023e-01,8.957822285710635712e-02,1.443051988085953252e-01,-3.968173183162669593e-02,-1.800309974444164463e-01,9.127903330165706985e-03,5.254838333528504685e-02,1.548843755057617844e-01,-4.215049900617891254e-02,-2.553629826854746376e-01,1.045717627748450271e-02,-1.022032781654687861e-01,6.659298263049234431e-03,-7.027283110533334709e-02
1.161082226292303871e-01,-7.416359233315911181e-02,-2.728515378184638851e-01,-1.065739697415052506e-01,1.122653984340070236e-02,-1.224823797901186534e-01,6.929831321712037751e-02,9.007628592596565731e-02,-1.264597593923038887e-01,2.452204832062291340e-01,-3.884401680438470672e-02,-1.725371784408661624e-01,-7.180216055247054877e-03,-7.349193228963384061e-02,-2.670043856387868328e-02,-1.046902756680460206e-02,-9.798290332849501905e-02,1.621640105327836964e-02,-1.756907808433477158e-01,-2.004147052095848862e-03,-1.109838490829194446e-01,-3.980252684109775868e-02,1.173278837516277505e-03,9.033496934657150867e-02,-1.399069264561404180e-01,3.367071259053732724e-01,1.339360825751221562e-01,1.412436583065684315e-01,-7.433186102038326359e-02,2.151602861443283055e-01,-1.149310552027918951e-02,1.743685836357212471e-01,-1.537089752405560450e-01,-1.165170416152367799e-01,-1.150841539278210229e-01,1.096083670629216088e-03,8.999697501667609789e-02,1.127804153106895940e-01,1.038428094060548680e-02,-9.342074379476153489e-02,1.549769995371176601e-01,2.356872816610644170e-02,1.014037481249347415e-03,-1.319327674134699591e-01,-2.079404413603226642e-01,1.808902132329179846e-01,-7.163090043315840927e-02,-3.086644940610354104e-01,-2.449495425481550484e-02,-2.443459346556758893e-02
-1.325546632510087308e-01,1.959680876853663600e-01,-7.361075561773315623e-02,5.168482472452513160e-02,-8.766500288453003831e-02,6.700084134159836613e-02,6.342114942874661765e-02,-5.991158975529828346e-02,-1.669200426803510995e-01,9.238528846937946182e-02,-7.029741037770324830e-02,-9.995839935772204976e-02,-1.193861383556536482e-01,8.047115349601258183e-02,3.099988141870928526e-01,5.568162959280870128e-02,1.565366214313170801e-01,-7.691355772347512054e-02,2.230370086978369915e-01,1.572222695835579775e-01,1.695562785044415349e-02,1.528483058026138264e-01,2.791495936018310031e-01,-2.470817193359995667e-01,5.390828121207755057e-03,-3.589616538595746809e-02,-6.697035744918181099e-02,3.429580896733742945e-02,1.455344369155853468e-01,6.287491391952947095e-02,-3.157901244509008776e-01,-2.730185330204921643e-02,-1.715844500093639813e-01,-1.087882186798162787e-01,-4.796260414414892093e-02,-1.977682113452085971e-02,9.044524273095581879e-02,-1.792260100636065834e-01,1.243817703204920244e-01,1.845840019021349754e-01,-1.201965803974535396e-01,-5.606148584202755303e-02,-8.837769072899410994e-02,-5.846257089334202517e-01,8.274234350415526906e-02,8.208378676577487987e-02,-1.100889789524232415e-01,2.580517023621797246e-01,-2.409757218499005219e-02,5.379629088461190117e-02
2.408942458903840789e-01,1.414338270945709464e-01,3.044924174916808363e-02,-1.292603353602491713e-02,2.203057392314511087e-01,-8.415227615079621248e-01,-1.028229980189075826e-01,-3.101836031199893262e-01,3.702497331586339369e-02,2.186905379265313698e-01,6.065426675244564025e-01,2.682502905521857994e-01,-6.231811209454263950e-02,-1.418996751157241276e-01,3.615488488321678684e-01,1.551682237260819941e-01,-7.569746467358665683e-04,1.779529571807501043e-01,-5.580167784491539829e-01,4.143212006026681521e-02,-3.972728203759952059e-01,1.724143161468642826e-01,-4.991353101682277638e-02,-4.603035147388194193e-01,-3.836631822191704372e-02,9.696729145055081600e-02,-8.037400315655934824e-02,-2.780882969613186068e-02,3.973806923700137772e-01,-3.605236933154651879e-01,1.156811931514857006e-01,5.537395352006119903e-02,-8.668618418751547483e-02,6.895140895090651201e-02,-1.104036388773532440e-01,5.362049586919732935e-02,5.401776924697063165e-02,3.917969332159171869e-01,1.347435532058304797e-01,-1.589210748491758640e-01,2.509662772899364236e-01,-2.071345660018579782e-01,4.569105987847766649e-03,5.390941762198921960e-01,-4.227507870714130589e-01,-8.639504594207637611e-01,3.727949029122494540e-02,2.196520726842743909e-01,5.519893536283099200e-02,-1.208515309381205660e-01
1.289077771180932863e-01,6.096394725509110546e-02,-3.930390448184198360e-01,-1.124579512175877261e-01,-1.977510468861527482e-01,4.872244868880437063e-01,-1.006596223343436958e-01,-3.756554913142830937e-02,-8.078833807853697674e-03,-1.810731219682986670e-01,-2.270122149300749237e-01,-9.323833874727807669e-02,-4.063550361410429163e-02,2.615590795460999707e-01,4.942195418224194781e-02,-2.553988320970894121e-01,1.591165077639633274e-01,1.797259521317263464e-01,1.532813941638253574e-01,-6.705696215742423805e-02,1.440362343736982242e-01,-3.122239612423068356e-01,1.185410634505096317e-01,-1.322432776265743404e-01,-1.810089814886577456e-02,-1.743094734464034623e-01,1.735464831122073004e-01,-1.744977419602285543e-02,-1.182140224838459930e-01,4.903273733187952788e-01,-7.091824863989502903e-02,-7.298339322435722087e-02,-1.460870062270934189e-01,4.337613269417061289e-03,-3.159568608508044329e-01,-1.563575183763473708e-01,-3.697233462021767489e-03,-6.108905323590621550e-02,1.499205182224292443e-01,7.314160959539250939e-02,6.216814560603581979e-02,-9.712101167726790163e-02,1.170065171215889238e-01,-9.470495048904410684e-02,1.749600962824318304e-02,1.923508180097887599e-01,2.651226717637786834e-01,5.451471703245244771e-02,-2.431687048348278590e-01,-1.367560614584190700e-03
-2.240746361588936281e-02,-1.900911393492097923e-01,1.866864939616243446e-01,-2.652478947076246374e-02,-1.471732599331741220e-01,-2.235214898545472284e+00,-2.442252156721174891e-02,1.778858328706305336e-01,5.855844339370216423e-01,2.119377227075627812e-01,1.076148745223553665e-01,1.550022165834091525e-01,6.489439954552768397e-02,1.617174773496788398e-01,7.835442070027799633e-02,-2.429123531028928029e-01,-1.455172525515546489e-01,-1.759099901351994788e-01,-1.869631299550863351e-02,2.394996680481994433e-01,-4.731985552621873620e-02,2.980622128189671510e-02,8.418423466702835978e-02,7.177810357752388570e-02,-1.131403574071715434e-01,-4.738817677112330817e-01,-6.475589913766631456e-02,1.300202284301058553e-01,3.492103081891927419e-01,7.307715019261055989e-02,1.215938656402750506e-01,-1.326709377670685364e-01,1.060459453590868600e-01,1.878205123569179347e-01,1.325101008760854737e-01,2.985173684727841503e-01,9.567022074755239525e-02,-1.129447630450514245e-01,2.138478961517618626e-01,-1.588585011569382255e-01,6.083306755786321157e-02,5.261348203078809044e-02,-4.327138177224694460e-03,1.722690457744829651e+00,2.083367167897544892e-01,-4.292075211845716720e-01,-1.559209384869159609e-01,-1.005947142320575693e-01,-1.554524220607829410e-01,8.817136518779966625e-02
-1.317866316457005915e-01,-1.345777154724609459e-01,-1.927761481193143445e-01,-2.007654160787209763e-01,6.435357917214026280e-01,3.066110774153250063e-01,9.893905483562212555e-02,2.379213338859692828e-01,3.695816467256963361e-02,-1.170792346767947356e-01,1.437617041101192650e-01,-3.663512858348462187e-01,4.205638120516838607e-02,-1.114999175264576314e-01,2.746330899126457892e-01,-2.025195840618180809e-01,2.497288642851265839e-01,-8.166498537246369427e-02,1.600523994907259995e-01,1.807398655250751565e-02,4.372462926430537022e-02,3.710636182659974858e-01,-1.493567330777594571e-01,-2.978580605356202504e-01,2.109625515205428570e-01,1.122635288674382198e-01,-2.013664989383156245e-01,-7.370634726779766444e-02,1.981525887535333930e-01,1.267437129986174471e-01,1.804334566666276202e-02,-1.174322950830256479e-01,-2.480137200442391332e-01,1.961648882987037379e-01,-9.551274842390740372e-02,-1.684520725740230318e-01,2.447960877071095054e-01,-1.291623237900045296e-01,-2.459065740102016617e-01,3.462542637652681748e-02,-3.403014759076123941e-01,2.539979248212942964e-01,-1.492800515516226612e-01,1.905117077711405149e-01,1.182780588919800924e-01,-9.142020318675882218e-02,-1.279483496897931005e-01,2.616875477384519172e-02,-2.348597466933585176e-01,1.110903647005171899e-02
1.031147270056295140e-01,1.882323834588584821e-01,4.431882560812638316e-01,-4.391804291108501457e-01,2.601155978535047431e-01,1.376644167033048705e-01,2.000852383071612117e-01,2.430567518813791239e-01,2.110735948884833457e-01,-6.156478916192265755e-02,3.642091957377226186e-02,1.148297776317504237e-01,-3.953064723916192846e-02,-1.115765226009544503e-01,-1.481115542507326077e-01,-4.063207161257617606e-02,1.953528343615108798e-01,9.678471259669972279e-04,7.531195558532061129e-01,4.836700688257018765e-02,2.721311289233922445e-02,2.569191863311781621e-01,-6.116256803421406957e-02,4.384992973133740313e-02,4.007620180530812454e-02,-1.583672559934254098e-01,-5.058445140781304972e-02,-7.951632571374392389e-02,-2.027397540212959315e-01,3.168423992570911230e-01,3.784701513289362440e-01,-2.397444877859004064e-01,8.788078190078339735e-02,-1.870468542439112369e-01,3.697281042408518403e-01,8.653334478607627167e-02,-1.071273393951278352e-01,-1.566999950676798425e-01,-1.028297178072039575e-01,2.406547585159296010e-01,-1.773429527362395397e-01,-1.399815414928238522e-01,1.516178036845289290e-01,1.737415592034487755e-01,2.896248051388888856e-01,-1.334866419563757699e-02,-1.289986301911773270e-02,-1.276764441310478462e-02,1.389960975470394110e-03,1.600638912911718781e-01
-5.213552616187974720e-02,-3.379474208915181355e-01,1.061597353391183912e-01,-1.141437342262625193e-01,2.883278769851363443e-01,-4.528284487893841775e-02,-1.054580226720954611e-01,-4.133183094893794901e-02,3.054054716713473505e-01,5.026487452957402111e-03,2.948626535948669497e-02,-1.286575921598380814e-02,2.683984109521558303e-01,2.129113555978781325e-01,-1.137852300523106014e-02,-1.084434338267893094e-01,-3.430795555900617022e-01,-2.914787380696339802e-01,-3.850290316300578053e-02,-5.267026640464696902e-02,-5.712670489974755461e-02,5.513552909337113977e-02,1.659556268332509632e-01,-1.069543632715392600e-01,-1.512255954650144341e-01,3.917023414385387495e-03,-3.492804008159483553e-02,1.191116252151135091e-01,1.216660789986095947e-01,1.251674873395934584e-01,1.098897920317108527e-02,5.329491152584243940e-02,1.659858548147032931e-01,-2.370985158036336971e-01,2.366976905564737998e-01,-9.286640645808577621e-02,-1.038574709266293083e-01,1.623450450743282869e-01,-8.810563503695863219e-02,1.928938878890930353e-01,-1.637400347223881836e-01,1.698449040894089990e-02,2.571598924923650387e-01,-1.956126506533243659e-01,3.789266363759719730e-02,8.783227060813702386e-03,1.460766233595198194e-01,1.169006547872116497e-01,-1.150382846712683371e-01,2.596053801210090189e-02
2.837082724392288313e-02,-5.913400887113168941e-02,5.068204997933386732e-03,5.618910870851849537e-02,-2.702833341739231399e-01,2.100987287023803052e-01,-6.276163286840534539e-02,2.485098417077782618e-01,-1.623420504298819234e-01,-7.160914776716171409e-03,1.517177656586331247e-01,-9.430897119879302903e-02,1.622818543478878883e-01,3.839335557045117087e-01,2.499440293574853866e-01,-1.739222841988336543e-01,1.474399119206167286e-01,3.446814225779182284e-02,1.150246565795066400e-01,1.826717351285246926e-01,3.193671131104751371e-02,-1.756139402238542646e-01,-1.067960835358744281e-01,-2.054888071261351534e-01,-2.710496882563815380e-01,-1.340296337167163065e-01,1.597112337231156309e-01,3.105934979875668578e-02,-1.758625599691241992e-01,2.010585600407477913e-01,-1.016877948482558108e-01,-1.105737055027234371e-02,-6.480120104800198011e-02,-5.915674935026268150e-02,1.537166310669631220e-01,-4.397407576820363539e-01,-1.191824003624412376e-01,1.533149584996567061e-01,3.874642043633431693e-03,1.804645927890766999e-01,6.814701234086628645e-02,-1.355104929377912992e-01,-4.794630704266659126e-03,-2.567432075096808264e-01,8.564778064275706260e-02,2.229331688756052143e-01,4.062212388642321148e-01,4.164726377771206522e-02,5.861892212457163465e-02,2.405321760667726225e-02
9.373125563594815468e-02,6.820653762827283417e-02,-1.328164182882425950e-02,1.443127150593127572e-01,5.958588984421184231e-03,-8.593596499802501620e-01,-1.666099133528509135e-01,-9.152774837038402805e-03,4.887983833475613438e-02,2.949991958791772784e-01,4.428237174717161023e-02,-1.642660690312266469e-01,1.618389802421901502e-01,2.268815196849502946e-01,-3.961416522589904232e-02,-3.252585394629637916e-01,-5.885491055853375383e-03,-7.378964194775475272e-02,-4.449629057386831898e-01,-1.965746152343951156e-02,1.728476073316219108e-01,-4.247615481886751060e-02,8.966986992288308866e-02,4.749061548472451738e-02,4.292674967963711619e-01,3.360750322627539810e-01,-4.387643983039783424e-01,2.547421826061935235e-01,-1.792936340412916441e-01,-1.253330038623252582e-02,3.344977678835606705e-01,1.724431079586330462e-02,1.554663503095733978e-01,-4.473317964506191569e-01,-1.342665725712270941e-01,3.592015965770368746e-01,7.856854496537143961e-02,-3.809306413545590630e-02,-1.219446610711619333e-01,1.353555857858990130e-01,-2.269675434328308483e-01,-6.489358053307582586e-02,3.306609188082283435e-01,-7.905417537724236388e-01,5.977610383859222054e-02,1.784798564043987845e-02,8.302507439445741544e-02,3.043240237836105644e-01,1.507529708195602669e-01,3.017358492979406170e-01
-3.504032068424214885e-02,3.864174203261465657e-01,-1.531775839209991164e-01,-1.308777461297579991e-01,4.758866819798266423e-01,9.999761640294673182e-01,-1.791823309422806154e-01,-4.396735464708820262e-01,-2.072784142873370927e-01,-2.276508937978731842e-02,1.583586815719835172e-01,-2.443105861244891652e-02,1.074354318452173801e-01,-1.117134303990558325e-01,1.140568441516138648e-01,2.044093630225655989e-01,-3.023708270516764756e-03,-8.480106889346875065e-02,1.408604203202530950e-02,-2.970254995904907935e-01,3.671932614821504792e-02,3.038435003085868669e-01,-1.775704922581914091e-01,-1.291126693514881574e-01,-1.233477230649767942e-01,1.395669806754014364e-01,4.923033285646685187e-01,-5.586431977529263820e-02,4.672481282784776702e-02,1.993980612820116238e-01,1.703623500630332965e-01,5.417094210356284550e-02,-4.703954326285439413e-02,-1.344657654326804896e-01,-1.764537618535928221e-01,-4.495251556163800538e-02,9.295703477092039091e-02,1.311872315161484726e-01,-9.126002955110255888e-02,-1.230893872479439004e-03,1.642850550086209227e-01,1.043617711290758671e-01,-6.785236929628893354e-02,7.948291557041768651e-02,2.549463151638108327e-01,-5.932412230653393709e-02,-7.240884804714147263e-03,4.615320817104773266e-01,-3.809285063425598694e-01,-2.379843155689983503e-01
-1.628902633914824580e-02,1.884367491094372515e-01,5.438944781608142515e-02,-4.137012191287525731e-02,-1.671192878177817087e-01,-1.120294593462880101e-01,9.973732151130125512e-02,5.041027694277745025e-02,-2.815047553832106808e-01,4.017960200922127134e-02,7.404617944896796367e-02,-1.534423036850115704e-02,-3.380265598809857885e-01,-3.764388077744932892e-01,8.330137030372848639e-02,2.539722059816580391e-01,-2.965705062233577327e-01,-2.592308771216217389e-01,5.353848672040604217e-01,-6.442262549898128583e-03,-9.469563275782476308e-02,-3.526535552135328100e-01,1.423609861942839727e-01,-9.310210526772283446e-02,3.289990752633088489e-01,-1.522320799418584170e-01,-2.818892416031435477e-01,1.361809317167866351e-01,9.733764175601379576e-02,4.862646658807825983e-02,2.913182021675209676e-01,1.786644426365044391e-02,-1.705291551280721518e-01,-1.362220122925482946e-01,9.552342834592607301e-02,-1.061215659742765494e-01,-1.649242880038862546e-01,-1.702474301168586208e-03,5.894449636009317650e-02,-1.413871948916303467e-01,7.542125794147214353e-03,4.264888240177228118e-02,4.474874858215871498e-02,-3.695205814758428797e-01,-2.063391530161219067e-01,-1.405855330854936525e-01,-7.297985995707625961e-02,5.613741800623892053e-02,-2.594394381388705484e-01,-3.758815740799621719e-02
-1.778395555554042329e-03,-2.969317270728077940e-02,-5.807979291820433709e-02,8.641997693743376507e-02,4.911785666999159833e-02,1.872067961115173873e-01,-9.341563457913577492e-03,6.292130641369621247e-02,1.626731807674401675e-01,3.612707461749048998e-01,-2.017865775163850128e-01,7.643986557717664942e-02,-8.690530396063811391e-02,1.233386565063861462e-01,-6.524476543117771477e-02,-6.574303568255083705e-03,-1.332516120471796128e-01,1.882263361318470551e-01,-1.081509557868575611e+00,-1.402715292465344515e-02,9.177001261508314911e-02,9.815323540240303291e-02,-8.822602274702112668e-02,6.885597711842834923e-02,-2.710721857997096251e-04,1.339495442439751494e-01,-2.006346919514654936e-01,-3.453976435466271644e-02,-3.873349558148478367e-02,-2.430293660668355060e-01,1.079966362882455455e-01,6.583124510196780577e-02,2.015006748689147364e-01,1.720429000493453597e-01,7.676407009753029309e-02,-7.773280724095123217e-02,-9.131881810511802144e-02,-8.548106998543474055e-02,-8.921126619047255180e-02,1.898249850907499370e-01,1.172841220155254327e-01,-1.992410502392278349e-01,6.376776051741407658e-02,2.043447614250466504e-01,2.720107071621706840e-01,1.533515684587861416e-01,3.672159113963447963e-01,4.577051245051374506e-01,6.038017413221100776e-02,1.491534871307110821e-01
-4.536296790268376511e-02,-8.272621222669707119e-02,-1.334426022622289265e-01,-1.342845579178015558e-01,-7.120250043264347850e-02,-3.750548930950609820e-03,2.042033476625426114e-01,-2.960308294402032581e-01,2.353063703423987144e-02,1.693328449120608953e-02,-6.557354621865438826e-01,-1.274597595235750225e-01,3.583050055550593416e-02,-4.405176598112532649e-02,-4.177741570016041753e-03,-1.966027985885877294e-01,-1.624983834388079862e-01,4.226907762632917814e-02,-1.472864400225800952e-01,-2.549061775154853327e-01,4.443435766973197545e-03,-2.712653990353809941e-01,6.188075984640637600e-02,-3.091076604544883977e-01,-9.216195879305420779e-02,-1.822437506145625774e-01,1.784053515902530307e-01,-3.206404097473383730e-02,-3.493708123632119356e-01,-8.209143641373060907e-02,4.485968880537336001e-02,-2.177453925821368763e-01,5.436048331425191033e-02,1.827585159517182978e-01,9.690967540438635841e-02,-1.893106850715219336e-01,-1.244016985858647784e-01,-1.193490675659828609e-01,8.739659988769765686e-02,2.298066850249590731e-01,9.643353649130338712e-02,-2.002748114700437232e-01,-1.587913052775645761e-01,2.071444492178605989e-01,1.204622824085549784e-02,-2.032052234619719649e-02,3.263883078182092112e-01,2.172284658114436717e-01,1.329668755557789073e-01,-3.703006848129397066e-01
1.170602963979206906e-01,5.124352623260041567e-02,9.339054228700904847e-02,9.809743707121361400e-02,1.319139306563011371e-01,6.770383063648568456e-01,2.790095790940536058e-01,2.118729419866850205e-01,2.135021029133803150e-02,3.768288787998831380e-01,-3.699240369926037886e-02,-8.393991404966846814e-02,9.999164823852378647e-02,1.408321434942637895e-01,-9.153168152220489406e-02,1.721425942760552719e-01,3.363932284948316642e-01,-1.772397556213091696e-01,6.914039568622726284e-01,-7.955388422721186570e-02,7.666376727558739390e-02,3.802372826180582810e-01,-1.066369385345641331e-02,6.836859784257397210e-02,2.962139420595935602e-01,-4.244327242293429170e-01,-1.390158709805684178e-01,-2.778403785311417407e-01,1.783823161346626551e-01,1.164921852517231821e-01,5.014971735088105675e-02,-1.992046975195090885e-01,-9.289528178310095530e-02,1.734890232855028358e-02,1.816212519510594370e-01,-1.383535112814223977e-01,4.790492971495407398e-02,-1.149604967358457963e-01,1.118949363645300593e-01,-1.794898663909093306e-02,6.263065891541061414e-02,1.862092176635592178e-01,1.024639415061029540e-01,2.727097344646332022e-01,-2.076693751982639780e-01,9.234922141473667079e-01,-1.525675550056546370e-01,1.993025519184394856e-01,-3.496968230954082546e-02,-1.054325961164515740e-01
-8.337533441042359328e-02,-4.024791545072251564e-01,6.326022527748190183e-02,-2.036137867411409452e-01,-8.157891417491837383e-02,2.331698858171413202e-01,1.652427841065751413e-01,2.960967185625748566e-01,1.503033431970028366e-01,-1.640743193036716951e-01,-3.345234953692711732e-01,9.410825556685274706e-02,-2.296020249038968446e-04,2.062594638862976226e-01,3.288448274456695075e-01,-2.258817652656236741e-01,-5.400959751387355429e-02,-2.383473755792597515e-01,-1.560654570922779538e-01,-2.581897628718019533e-01,-8.145804550959327706e-02,-3.759992555967157229e-02,-1.296276824380620807e-01,7.140345102009653111e-01,-2.651352874031028262e-01,2.415454571026959540e-01,1.529879288475203825e-01,4.499419684095330718e-02,-1.674452004047325693e-01,2.110568096135385374e-01,-3.374400504343890578e-02,-9.842996532148191868e-02,-4.305807805754047896e-02,6.503396048844066468e-02,1.016385216387917373e-01,-3.161973734231710020e-01,-1.354902880059750681e-01,1.266674990959489600e-01,-1.511827211108917046e-01,1.484910079880147615e-01,-2.534349554604623314e-02,8.501424981255871482e-02,-1.404003971120165728e-01,-6.200421983666239978e-01,-8.080703567969065026e-02,9.922889729797111646e-02,-2.839286796862888068e-02,3.287539174311489981e-02,8.384470399810657615e-02,-2.818632405487834225e-01
-2.355480021465134466e-01,-2.599488794834697303e-01,-2.084689928852264673e-01,8.062993682245808702e-02,1.490112348255020758e-01,6.085556937327391003e-01,-1.585958409002114766e-01,1.395784240295373513e-01,-2.763020118894471966e-01,4.017694960979612678e-02,-2.541012212139854773e-02,-3.112783552061930692e-01,1.761109546227026049e-02,-3.811941615938889416e-02,2.113467614621951374e-01,1.650352554785640413e-01,-1.451673365624470136e-01,-2.333688439967790407e-01,-2.784220071684871955e-01,7.566074820430759851e-02,6.891940513352452780e-02,3.183679440650848957e-01,-1.392909775836184694e-01,-5.396959845914560683e-01,1.201834422190360130e-01,8.041889149882415488e-02,-1.718180550785011473e-01,-6.735957932086082678e-02,2.934726198289169252e-01,-2.954884359408692547e-03,-9.937126796576117860e-02,-2.077900630180699038e-01,-6.827860502394389464e-02,-9.942733446813352416e-02,7.642316461572359887e-02,-1.145225748255621345e-01,-5.731494384440509460e-02,2.670381830708419280e-01,-2.806895451762554672e-02,-2.034203298219588729e-01,-1.957045680842577628e-01,8.379098031189484430e-02,-3.023092882830654138e-01,-4.990663767271710238e-01,-8.605320838617701307e-02,1.497928118513315587e-01,3.830851045511211167e-02,1.565065900262671839e-01,-1.608892077304244772e-01,-4.841982841151820649e-02
2.445968223786343029e-02,7.440557587178520116e-02,2.467338461515774031e-02,-1.751170970366019985e-01,-2.771614650167387173e-01,4.240615794754564183e-01,-1.859056183555780617e-01,-1.199705987097327703e-01,1.071503627114929191e-01,-7.692460505050381647e-02,-3.230156690911904493e-01,-1.962451791513647459e-01,-1.282261083658882070e-02,-1.224339728406187572e-01,-1.385315607289834550e-01,3.559725184120662855e-01,1.218130405987908615e-01,8.350288584781047352e-02,-2.521143222742623924e-01,2.003447625866466575e-01,-1.092347905465666444e-02,-1.754503175784709601e-01,1.137861242635897358e-01,-9.162405873728904360e-02,3.207105156181917494e-01,-2.478907954211780618e-01,-1.293043852691859452e-01,9.669307945271651827e-02,2.218023201189310289e-01,-3.015427418403902049e-01,7.923994584579088785e-02,3.063951149186857070e-01,-2.882497935184861679e-02,2.678819233216212653e-02,-1.825802157779255752e-01,-2.216569461933057261e-02,-1.110130604649335745e-01,1.002545495316722185e-01,-1.192076488063269768e-01,-9.200482957340286316e-02,1.823534804635125114e-02,-1.619655445307895680e-01,-1.605433008107852791e-02,-4.868549778060273225e-01,1.410094655650045992e-02,-2.305868920362984520e-01,3.517941913683548215e-03,1.252599168246670835e-01,1.435545197012779994e-01,2.134354609434804262e-01
1.577614596388758339e-01,-2.238120962415625081e-01,-1.619448024226341765e-01,1.414277025811646604e-01,1.051034918722432432e-01,5.391082600582861595e-01,3.778764600743690361e-01,2.854964100865940435e-01,1.473864890669478352e-03,4.385750059968395592e-02,2.896793291084537314e-01,-4.926867552167825404e-02,9.159392235873903276e-02,-2.256228454157625796e-01,-2.083401423538267516e-01,-4.673990658398111814e-02,1.856816140399377424e-01,-2.834630862726557343e-02,-9.235384657202351522e-02,3.649007300389206249e-04,1.663214539925468582e-01,-4.089231083394082589e-01,1.810968647694442477e-02,5.198396940899329133e-01,-4.495253866887343602e-02,-4.272875791699176640e-01,1.296333365188963582e-01,5.579059681689466782e-02,2.373008540010510814e-01,-5.171213342551422842e-01,-2.441981948369015554e-01,6.439803663909809961e-02,3.045025191780561039e-02,6.270382252532223921e-01,1.822277778655786717e-01,-1.118382274015004979e-01,-1.945867437914887421e-01,3.392493197814768768e-01,2.058275572032524370e-01,8.137688257948169634e-02,-1.795109135682978752e-01,1.850973656656897115e-01,-7.501607426648966570e-02,5.190662483051678919e-03,8.720006498579042920e-02,-1.765547057049847990e-01,-1.923499553048312605e-01,-3.448490828324073387e-01,3.839108803166131623e-02,1.523863257006615179e-01
2.671992776978425119e-02,2.160197379904685022e-01,1.686368269567278533e-01,-3.955227087795405994e-01,2.035790001759050227e-01,2.469244112433865712e-01,-5.407855902732416897e-02,-3.389544414856517918e-01,-1.807990475511912221e-01,-9.120154680719949614e-02,2.691622273801811960e-01,4.435581148120480433e-01,-9.534945011247063576e-03,1.245151653861450852e-01,-8.523697432514137570e-03,-3.243105091234678716e-01,-6.919298703514546733e-02,1.069487971071423141e-02,-1.158091983176203543e+00,1.038642168522675990e-01,1.768676743413243324e-01,-2.687805697315056586e-01,6.481968323700915136e-02,4.829749010267001541e-01,1.311202357156468212e-01,9.948192028368474382e-02,1.128006799663950066e-01,-1.153595136120345727e-01,-1.809520545997559127e-01,5.607767128943873941e-02,9.340341901808851821e-03,6.409677405259281424e-02,2.504545002606922144e-01,3.730567652251710054e-01,-8.296062550233176958e-02,1.346239425843227533e-01,-1.588103864069116689e-02,-1.057322355289436883e-01,-1.233647492342585805e-01,1.590466359685099029e-01,8.362967039986975160e-02,-1.455131252077209239e-02,2.376834674594826002e-01,-2.214833720501587777e+00,2.220909585873198644e-01,-2.542319550196219247e-01,-5.910804477284360703e-02,2.328076259282311211e-01,-2.221982920145651186e-01,5.917440613591653555e-03
-7.098044529487720911e-02,1.602344376581893437e-01,-3.773810092284373141e-01,-1.927177700977722730e-01,7.956553843805287685e-02,-9.725496909228708020e-01,3.066139659229877856e-01,5.104695230825084806e-02,3.960354325558845257e-01,-4.686899051719023435e-02,3.629545827686693760e-01,-2.179161046954363468e-01,1.078269193681163918e-01,-2.131350492459520296e-01,3.882685900273675217e-01,-3.581907051361474803e-01,3.003083563455667404e-01,1.452305089858057230e-01,7.226929213515062012e-01,-3.585657390001727868e-02,3.787811618687293436e-01,-1.291712547363831898e-01,-8.337670912280530089e-02,-1.873500920967563210e-01,3.788092941344466807e-02,9.877394211064115248e-02,3.779401836731266506e-01,5.426462977829014933e-02,3.989339908859033945e-02,-2.197886611577203608e-01,1.207543610750783647e-01,-9.007162210819086301e-02,-4.118675185621533535e-02,2.553224870516181411e-01,-1.272781979031489541e-01,4.031738154890941034e-02,4.396367368463745262e-02,1.696357084462533638e-01,2.373918244454595872e-01,5.769942373583740736e-01,7.850403328524709068e-02,1.379151983343646914e-01,-4.376470281684145813e-02,9.137971664465524002e-01,5.754186344142106502e-02,-1.281818622230227467e-01,1.194303582450928769e-01,-2.040712218440783043e-01,1.886361638645139560e-01,-4.239770086767218754e-02
-2.270062892948044100e-02,1.664787976091419985e-01,-1.154835018095766302e-01,-1.624457817113287017e-01,-3.407406678687788792e-01,5.594356963769679947e-01,-1.284813978485360719e-01,5.922147919633517082e-02,7.345835595493807602e-02,-8.252254304017225817e-02,-9.099326617742976853e-02,1.606585288918855325e-01,1.174677521149573856e-01,6.450267706858739403e-02,8.886495001246286218e-02,-1.679984392883422661e-01,5.656371300015773651e-02,-9.426130592514593565e-02,1.501312722169038105e-01,-3.590133919680633945e-02,-5.704836022365154108e-02,-7.452475290565754862e-02,-1.698680143164725195e-02,1.692513250518338230e-01,5.864299272633449051e-02,-3.163104725473423612e-02,1.923611281928934436e-01,1.170284231283356402e-01,-1.051513307933400199e-01,-1.654247956901987449e-01,1.276212023371207406e-02,2.758684528718422305e-02,-4.166323015030257843e-02,-9.815623898243204526e-02,4.239458962343132034e-03,-1.331735173321626498e-01,1.540249432296194598e-01,1.415143907614133667e-01,1.415141426841974304e-01,-9.815599730486646024e-02,1.118098376818713463e-01,9.771692109403877502e-02,-3.422733370965964222e-02,2.092584403769146839e-01,-1.422567232615029598e-01,3.156447167640322182e-01,-6.568606504896268294e-02,-3.084164172828147144e-01,-5.451743937771345166e-02,3.008509326411721446e-02
-7.853341620625785280e-02,-2.077255900566591096e-01,-4.231129202425264191e-02,-2.526324655214266524e-01,-4.497551287421083788e-01,-8.277024931078326153e-01,-7.999209102942440863e-02,2.646836371594381565e-01,1.053502386274892122e-01,8.366206673228127055e-02,-4.649870202774605832e-02,3.577815987788901531e-01,-9.669304768027874031e-02,-2.614006830878391405e-02,2.114505825960035987e-02,1.422389069078690560e-01,7.147479378703083808e-02,6.779015385041471664e-02,-4.831804717431976148e-01,5.043890489059638105e-02,5.342293484699051770e-02,-1.948403911911194553e-01,1.213693881319014567e-01,3.728742494242751615e-01,-2.093612605482180478e-01,7.882633036696548579e-02,-2.321946538974210272e-01,-6.299773043066636546e-02,-1.318390437458235309e-01,1.113076799462678762e-01,-3.315344040969265826e-01,-6.154564126109996619e-02,6.871265400699403010e-03,2.305251698449644615e-01,2.329247374249846306e-02,-3.041396228944174829e-01,-1.667735457147931644e-01,1.304849449600694287e-02,1.232188022266573202e-01,2.892440379556723840e-01,1.333877554751534619e-02,-2.063047511435597142e-02,1.668372226712061812e-01,-2.214727717956706532e-01,1.943859423014147325e-01,2.858115605716180507e-01,-1.233008228778024462e-01,4.583613941621144522e-02,-4.232375847201522850e-02,1.253804250246361163e-01
1.971606226436698195e-01,-6.465684277214280018e-02,-2.189392883404386037e-01,1.413343470091046536e-02,-1.973749909561050564e-01,-1.926758645394073044e+00,8.617176031071799303e-02,1.433134124737525938e-01,1.096878545817195350e-01,1.726936886165287843e-01,-4.997268260099448911e-01,-2.629407817066373720e-01,-2.011353557316885449e-02,2.058491784116188994e-01,4.413149686931343296e-02,-9.728808930515191189e-02,4.455745629679949693e-02,-4.267351303179045541e-02,8.998011536229589824e-01,5.380680741270199574e-02,3.613553055543655863e-03,3.837576839339817969e-02,1.994975782948005261e-01,-1.056982020416841889e-01,3.803122210833715516e-02,-2.677501867195233309e-01,5.372495465626699052e-02,1.390400954275841372e-01,-4.478813924998870794e-02,-1.392443440909583441e-01,2.560785740513770170e-01,2.084051963828946821e-02,-1.790331755893248278e-01,-1.453235387702588588e-01,-1.093965277012954596e-01,-1.385150817248357868e-01,-9.907238321316971796e-03,2.367407830843877292e-01,4.671515789941557695e-02,2.576876385854476315e-01,-1.004377790778693685e-01,1.067438916230313735e-02,-4.232697170360266714e-02,1.379365424130544193e-01,-2.396795547707003537e-01,2.202371364312486965e-02,9.814310580323374125e-03,-8.668757060790180380e-02,3.644247966970575597e-02,7.196838348415186132e-03
9.906731029928736443e-02,1.311763154737601300e-01,-1.503649555053985787e-01,2.079163996497752631e-01,-8.155907767016095170e-03,-4.765287430955325587e-01,1.485045988402709273e-02,-1.660711500345084801e-01,7.670130371949171466e-02,-8.713407450212093397e-02,-2.124030616661204962e-01,-1.414220632216930396e-01,-7.784213050433393122e-02,-3.432264947720529147e-01,1.611457656715578057e-01,9.918156389002534545e-02,8.669973240374174994e-02,1.275868226570175783e-02,1.151195413409965007e-01,-9.288282410032371039e-02,8.381583774904194373e-02,-7.910328007476831458e-02,1.624888046420549514e-01,-1.099586219823669025e-01,9.180980582087232625e-03,-2.364338538699370384e-01,2.334767686849046897e-01,-3.032662807216557344e-01,4.895829755425335633e-02,-2.863334497033146464e-01,-3.095406885389943019e-01,1.945568661240683617e-01,8.636310079017223140e-02,2.654144318612140507e-01,-2.619259473323206633e-01,1.860336422002828172e-01,2.841601473366501401e-02,-7.075612816895132662e-02,-2.432480496913417001e-01,6.075443724836667586e-02,7.808772673899008754e-02,9.250265545162884850e-02,2.046298375024784358e-02,2.494933338621799779e-01,-2.557908479586247785e-01,-3.065613079792902651e-01,2.209700486318462703e-03,-6.353568709296437966e-02,1.329502765271280487e-02,-2.595116217299589523e-01
2.521776653836510507e-02,-4.006078972863904020e-01,-5.478586653190515854e-01,1.902982357396597601e-01,1.057150353841487395e-01,4.289868366089138463e-01,1.615472313766496693e-01,-1.595251498063858520e-01,-2.147483840561064672e-01,3.271590454664108916e-01,1.431897217066925576e-01,1.339138732036720958e-01,-7.010103974928916237e-02,2.352048898942160973e-02,2.128130081104256111e-01,-2.089111379719596762e-01,2.382526330308550599e-01,-1.161689687190040343e-01,-2.603080089764805982e-01,-8.346021438349180213e-03,-1.790612606508824867e-01,8.877153127352799267e-02,2.031058295353181942e-01,1.985063638618455584e-01,1.302433324154420313e-01,-4.064593114708688754e-02,2.390824774165067335e-01,3.055212105695071512e-01,3.809060882928176905e-01,-1.291083014032285980e-01,-7.064971701088688938e-02,4.346514515546657798e-01,-9.623552871371919559e-02,-3.389238718111000498e-02,-1.139949733690598932e-01,-1.904119556242392982e-03,3.705759709743284835e-01,5.935221155110951413e-02,-2.465293944506106727e-01,3.035995912626471838e-01,-1.814095636096008102e-01,1.310667797043305050e-01,8.680709311864817646e-02,-7.486512109470878917e-02,-2.071512974592334966e-01,-1.620987384283946731e-01,2.957543328952783046e-01,-1.112909966877365098e-01,-1.096173209960322470e-01,-2.465008373330289104e-01
-1.572242560133024492e-01,-4.298959592210055414e-02,2.118620519352149290e-01,1.159633806750514778e-01,2.297482587535755807e-02,-3.000039013647293890e-02,-7.359993427163476210e-02,-1.010288991978993897e-02,-1.941395715629073704e-01,3.978386706610710644e-02,-8.792789643291597235e-02,3.877232114124579132e-01,1.305425362141973411e-01,1.203141902753352560e-01,1.052559286737445865e-01,-1.029475993349670132e-01,1.246028544513733127e-02,2.669406960713754592e-02,-6.749708264108469913e-02,-5.040473465114969631e-02,8.341045251244370851e-02,3.148249194624732628e-01,-2.631550213605477473e-01,6.472498644622552526e-03,-1.048882270427176217e-01,3.906740289346870981e-02,1.022479716536235372e-01,-2.436156677565649298e-01,1.617015436047843369e-01,-1.046043085709462417e-01,-1.441618632027930891e-01,-1.278550025726359063e-01,-8.156990975166740487e-02,-5.194066077871627163e-02,8.806319340946497376e-02,1.699932419683707896e-01,-1.502963657333888647e-01,1.376944096574345411e-01,-3.380056739762003770e-02,3.416144468853602456e-01,2.620469689259210394e-02,1.113155357939442508e-01,-1.676465965509242595e-01,-1.389447858317478524e-01,1.319040508773345055e-01,-2.951836067108590811e-01,1.260135226122844065e-01,2.042055831906650909e-01,-5.388853059243444224e-03,-7.042162946656480016e-02
-3.756034160891633805e-02,-5.651114131332762858e-02,-4.003527693899055356e-02,-1.439728320220293456e-01,-5.060772608091930191e-01,4.955287615651629562e-01,5.378793009742511427e-02,2.189944721219071744e-01,3.340787128937014461e-01,1.152162574124963312e-01,-7.006462475620864327e-02,2.339424041840908741e-01,2.144046614048182864e-01,1.626188408920504480e-01,-5.732088344928625706e-02,-6.856139322445493900e-02,-6.319217345768629590e-02,-1.091900991939475790e-01,-1.638610727994264937e-02,-1.601011293302711060e-04,3.558029632914899622e-03,1.699992461112726505e-01,-8.690596465486929989e-02,1.872126921714478143e-01,-1.383455127413180663e-01,-2.093191864765234222e-01,9.033784680170010850e-02,6.698745860288500553e-02,-1.706388195178266953e-01,-3.597213773295059869e-01,-1.149032883262207649e-02,-1.655956860503506600e-01,1.785553821879433123e-01,1.644255354077752418e-01,3.853802479579040985e-01,2.713270396813874941e-01,4.850514702415132523e-02,-1.463150452487340658e-01,-8.447508586976036626e-02,4.965584356518975249e-03,-1.479976773701340842e-01,-1.007204036620617110e-01,-7.696383668386895527e-02,2.121518228716228638e+00,-3.452162669364061687e-02,-1.684525140439505353e-01,1.079691111340239790e-02,8.245313218430583291e-02,9.901002956793390763e-02,-4.741724594973009688e-01
8.172048069171988782e-02,-2.709595027845287593e-02,8.540397253739009931e-02,-1.763463636970009629e-01,2.725506494419101533e-01,-3.268325929507078786e-01,5.192633857982303924e-02,1.196091321935864316e-01,6.984104123996170976e-02,3.612677418068450247e-02,1.807848392213049493e-01,2.016132015242761144e-01,1.049049417421469843e-01,-1.434262913683647944e-01,-5.446422859276895539e-02,-2.806289670883952564e-03,1.009981638462877779e-01,-1.358831292382915168e-01,-7.771526568344666597e-02,4.066389592715138890e-02,1.726889986487684103e-01,-9.732069020566011530e-02,-8.643648257909988808e-03,-1.898264625516316584e-01,2.072104442372559585e-01,3.424285964433766427e-01,-2.489347733997980816e-01,-3.157566179717518490e-02,-2.251954087673686267e-01,2.078303868962035339e-01,6.183985406424385295e-02,2.355790767471010183e-01,1.356693903960217717e-01,-1.791073740772654577e-01,-4.208844088379581905e-01,1.667478164848862909e-01,-9.481072705976845150e-02,4.650521085272117938e-01,-1.405420205138818435e-01,7.044070999951236589e-02,-1.328155731831256181e-01,4.324529923220718497e-02,-2.670868866535857852e-02,4.129491849707949552e-02,-4.069377765708368649e-02,7.449041549507483262e-02,8.998793675510743939e-02,-1.139809466803635637e-02,-1.286508803551665858e-01,1.298218896055172156e-01
-2.966357110089611893e-01,7.314642767693273206e-02,3.123701088013445260e-01,6.426748275171219327e-02,-2.888202248059723587e-01,4.615133559284142345e-02,-6.880464382170722350e-03,1.604388253142423337e-01,3.008828505375000795e-01,1.496944003882481056e-01,-3.199250956939253543e-02,8.527522451243060853e-02,5.192386657364216757e-02,-5.358829103585494025e-02,-1.394094902458674901e-01,2.002076389088165986e-01,1.963285115888831478e-01,-1.100536396669650127e-02,2.091872781344291943e-01,2.711229736890701791e-01,-1.170607048445576476e-01,9.183917089728288463e-02,2.213400315709464217e-01,1.514042878976301632e-01,-9.914804733879336793e-03,1.286243936968139434e-01,1.081249962696216871e-01,1.215203674184037880e-01,2.238275937743187671e-01,2.831369480563057928e-01,-5.624923347216888303e-02,1.269337967060801264e-01,-1.833148552779749214e-03,-3.137933514269194979e-01,-2.385814739888960367e-01,9.636931356730324416e-02,4.306404619390362398e-02,1.548096487833751801e-03,2.159014600988209964e-02,-6.015433527992289364e-03,-7.182024356875309212e-02,-1.481277699998474195e-01,-3.786180517842509252e-02,-1.809594105290173172e-01,1.679694444698393851e-01,-2.532131930408503262e-01,-1.673340356104513135e-02,1.824653476249661621e-01,2.126635060350577644e-01,1.433798238183591478e-01
-1.691176310658915605e-01,7.855403336520155877e-02,-7.164661348780131112e-02,-1.403465246450611437e-01,2.929164420226198357e-02,-2.048073143019404213e-02,-2.082481419572257061e-02,-2.570400324317878224e-02,1.877272719897192174e-02,1.182392004363793242e-01,-1.042449961434519651e-01,4.783806562645448457e-02,1.103271587776510042e-02,4.708889143866506338e-02,2.080739604012951487e-03,2.892219523249306770e-02,4.440980960995161674e-03,-2.644810035873114695e-01,-1.257244168391537797e-01,-1.303286826720077007e-01,-9.181858771353668125e-02,-2.091503845206150736e-01,3.285543339483621567e-02,-8.854516060294438662e-02,2.293801586624716060e-01,-1.206663591684928871e-01,7.905204368613720500e-02,1.954075058513767560e-01,3.328103729009734835e-02,-8.073613843031504297e-03,-7.801976662543017027e-02,-1.209012032860321273e-01,5.380303548895067761e-02,-1.888717671101632078e-01,7.356205391168919860e-02,5.939010034079525002e-04,-2.925187110879051006e-02,-2.389867385209456727e-02,-1.396149041072228779e-02,-2.351373873479578880e-01,-1.033110064101310788e-01,-6.615776376447966844e-03,-6.443639590888523838e-02,2.168359994336834240e-01,-1.890464513878618025e-01,-4.251659835589382402e-02,4.185209904041757578e-02,-5.740619530155227634e-02,1.723942348131881630e-01,2.717415562626523395e-01
7.508522056427360813e-02,1.357584282898015859e-01,2.524163526608046437e-01,5.393025654220170440e-01,-7.333998984262021792e-02,1.057840953179771004e+00,-2.086085636513855812e-01,2.446300420402282849e-01,-1.586988568749890804e-01,-3.020523629531344373e-02,1.260383599924545517e-01,3.604955875380046471e-01,-2.751601870698837382e-02,1.392774551458005605e-01,1.161888053371023383e-01,1.098455123032004710e-01,-1.091214571838376585e-01,3.185815135265686049e-01,3.679720391777339672e-01,2.236196338891169311e-01,-9.719422247531997461e-02,-2.469119635534304524e-01,-3.073408245971587238e-01,-9.942457055713237180e-02,2.010591298415835837e-01,-2.344588431038516496e-01,-1.484700596872962769e-02,3.840368585920715845e-03,-1.789609806483316856e-01,-4.009640927048845754e-02,3.176123236151672247e-01,1.063590707400049740e-01,1.684949079417211171e-01,-3.170273762586798827e-01,1.936823995692896760e-01,3.669746929621778286e-01,3.336119542140957017e-02,2.491113561770864904e-01,-4.643752893845537466e-02,-6.498722934546356800e-02,4.720353574864930707e-02,-1.894858393301681321e-01,-1.265479068714627786e-01,5.549659356876089911e-01,-1.843307925789084978e-01,4.146072462443451540e-02,1.533095179497415694e-01,-6.669826892209557156e-02,-3.910254205688770690e-01,1.684662486570501772e-01
-3.860983933934869494e-01,-1.253036029672055240e-01,-1.009640838386919454e-01,1.328875779211478002e-02,-1.672705413341155634e-01,-8.372134834367812861e-02,1.619275170854126422e-01,-1.188294639817444459e-01,1.143650391640630842e-01,2.619850780124640122e-01,-3.340494430776753676e-01,-9.367927464007351490e-02,1.644593204741707365e-02,4.282943929177807085e-01,-1.865681475864527095e-01,1.970458913050102817e-02,1.123780077202981981e-01,-5.939283011217746933e-02,1.689642060087556408e-01,-1.477427210512550215e-01,7.847000189624110666e-02,-1.946811628633702551e-01,1.838204034172615797e-01,2.070103354186180189e-01,7.521040671063401739e-02,2.332597858109982381e-01,2.095385682554737061e-01,1.984793932131885541e-02,4.401395753238757785e-02,4.026783335403988362e-01,-1.113667421154202336e-01,2.734483776454532666e-01,-5.732078997177843249e-02,-1.480117640685390257e-01,-1.201735778131259036e-01,2.003413373947959819e-01,2.242398381516096384e-01,-3.699394700125926364e-03,2.118439833940602771e-02,1.281964688034162025e-01,-2.342452812087678915e-01,-9.908007252246908703e-02,-1.134032287756922552e-02,7.754712301830080090e-01,9.913127443826952323e-02,8.297912420680673973e-02,-2.181272965593603064e-01,1.645218350946554275e-01,1.341925647642060460e-01,-3.482188055572130875e-02
-1.654769023931710048e-01,-1.522162437131792112e-01,-1.732167104975914917e-01,-5.252305324989010593e-01,-1.167007331545075535e-02,-5.918086592077392849e-02,1.835795582773122256e-02,-2.042509787954735201e-01,2.980467979845233262e-01,-1.965785855734367982e-01,-3.296045574438064563e-01,1.371078130028590691e-01,1.058117478295912545e-01,1.678862896739187205e-01,1.589867158843421280e-01,-8.338389195210284266e-02,7.793033847399088998e-02,-2.905562187734538893e-01,-1.738884087989243377e-01,-6.047094778588914255e-02,-3.119487676088060213e-01,-2.588996790791411873e-01,-1.466184853052698855e-01,1.703871895181976182e-01,-1.800945629589268404e-01,-3.237049158375824437e-02,3.320010508268358279e-02,-2.684884209065250271e-01,-4.727234179110643975e-02,1.011966903495656600e-01,-1.840501048076857993e-01,-3.591333042442587664e-02,1.085465309930867261e-01,3.007721979056733885e-01,-3.851926278648392654e-01,5.872156286178459306e-02,1.650824814409135310e-01,1.903197543380660828e-01,-1.205520035425826225e-01,5.349494061144979135e-02,1.102497894166126063e-02,3.729538077192724038e-02,-1.441109754898803330e-01,-2.532444545451351114e-01,-5.498681869472749756e-02,-2.556657069260490078e-01,1.281716687720534931e-01,2.700508126202516221e-02,6.549361650154093828e-02,-2.669741207655018100e-01
9.249673476664128924e-02,2.275336865200138642e-02,2.566032068264641544e-02,-2.828060694407140696e-01,6.382312215938068523e-02,-2.385226913575239638e-01,-2.946063403806699690e-02,-2.130360550592270974e-01,-1.570206826166136993e-01,-3.614932332802570092e-02,-6.172453513770825850e-02,4.313866338706641435e-02,5.543278394366137757e-02,-4.451494484152990552e-03,1.701082186710206612e-01,1.756209920166606764e-01,1.829071555647711067e-01,1.094651106076777181e-01,3.910069509030208307e-02,-1.730965906707613022e-01,6.703947301977681607e-03,-1.693927662586971195e-01,-6.770407293861131770e-02,6.888892639810298424e-02,-1.382720756785469352e-01,1.379782639497916519e-01,1.018422844537378719e-01,1.392174884533683710e-01,2.746547385405062602e-01,-1.115840544818880731e-01,-1.108112506699528016e-01,1.382065532554644094e-01,5.987163692073745047e-02,-4.690697972675275662e-02,-2.001929926865302356e-01,-1.220829756052987380e-01,9.470027290819020560e-02,7.836323966511485328e-02,6.189818637017399650e-02,1.084255650742972782e-01,-1.136145908069951388e-01,-2.907025139154812976e-01,1.833551677980464062e-02,-1.078060653427206361e-01,9.754443222148692638e-02,1.097761518733246650e-01,5.589605695576396055e-03,-1.975110702602128621e-02,-2.909277271823481614e-01,1.569123061921765816e-01
-2.311575268117991577e-01,2.122889509702541588e-01,-1.252031350037842994e-01,1.379797366820559035e-01,5.885421963338007684e-02,1.901784326854930596e-01,6.824493006781587323e-02,-2.148069917442725976e-02,-2.977027664778537641e-01,-1.255003650768670223e-02,3.223582132022788094e-01,1.256702868419568853e-01,-1.376180520893515724e-01,-2.693776196843822857e-01,-1.453358474847687987e-01,1.674980461736124554e-03,1.039762354449593612e-01,1.101524371428336813e-01,-1.270868558546539850e-01,-1.036454406617641211e-01,1.024388773734287855e-01,1.262653473565051587e-01,-7.411119742168889579e-02,-3.020244156157302073e-02,-4.342795448230873240e-02,1.400376662087697011e-01,-3.630060511459080874e-02,-5.006760064515035358e-02,5.016420835824846325e-01,-1.859587671378994944e-01,1.333651793411770037e-01,1.246774763553255144e-01,-7.745876780843059806e-02,2.959516507428380794e-01,9.657259727895639578e-02,4.170809943517475582e-02,-4.915442480586233037e-03,2.822111409092193518e-02,7.742220349183542849e-02,-1.816934628453323319e-01,-4.896509631352348180e-01,-1.737926072420694634e-01,3.345414798315186622e-01,-1.335254584391775967e-01,3.907376083612694728e-01,7.051735339759057641e-02,3.969171155089040205e-03,1.484037712557399746e-01,-7.476679344519562842e-02,4.796354299456494392e-03
-1.872275162174635577e-01,-2.083428868346594853e-01,-1.575935279372982500e-01,5.884147947709926774e-01,7.965051608004715400e-02,6.574208027433253720e-01,2.543196641781908518e-01,7.505979726319851608e-02,-2.618987305546427447e-01,1.771900820838015755e-01,3.285803879758414370e-01,1.788232115511691200e-01,9.899782688217464988e-02,-3.065293289460799264e-01,3.777945326378625516e-03,4.802163275119808450e-01,-1.954394175771180173e-02,-2.564231338597033893e-01,-2.856584205252234998e-01,-1.473265564737513411e-01,8.237306540739107452e-02,-1.876942493785976052e-01,1.833955759845181666e-01,3.951927170057300542e-01,2.405429866088956981e-01,-1.399040238421290772e-01,9.952499310305436275e-02,5.898877730825374810e-02,-3.767977087467942049e-02,2.080352478016487539e-01,-6.559443001537505757e-02,-3.274187352818049013e-02,-1.671167893555445746e-02,-3.325219658247793864e-01,3.126098435419552568e-01,-1.203218965662668366e-01,-9.013986877421016619e-02,-3.620716168548859110e-02,4.887193183047777029e-02,-6.576863850667712119e-02,-2.730114221575434263e-01,1.703551158493065987e-01,1.760793365315371506e-01,-4.719618225472151374e-01,7.800767235921578224e-02,2.622457646152789312e-01,-3.781787784285867583e-03,6.575522415239554164e-02,3.178580196584134820e-01,-2.907780587963551544e-01
4.097026816674341765e-01,2.908706179036761874e-01,-1.874259206694750823e-01,-3.707112817974820840e-01,-1.907770985042218648e-01,-4.512239177918837107e+00,-4.085361231017829720e-02,-1.543906115144274283e-01,4.438786093652172249e-01,-2.274589642042913196e-01,-4.263265681450316702e-01,9.016859483761321958e-02,-7.799467877381796588e-02,-2.275213696362330396e-01,5.832358254996866664e-01,-9.794522092040922057e-02,4.529984047646202355e-02,-1.377614614194411224e-01,-1.861508496404619684e-01,6.275220515453888703e-02,5.385063073636325165e-02,5.386000466317283214e-02,3.032751213947755195e-02,1.887256274205821871e-01,2.981286323583827169e-01,-3.081530244789239519e-03,-5.342414922580664971e-01,1.631111130349436888e-01,1.265154547752361247e-01,2.573285552081949062e-02,3.016409770716718154e-03,3.947860038701869051e-02,5.298707312806085618e-02,2.196503515834123399e-01,-1.390830569037245779e-01,3.186895377624313075e-01,3.860885713244865177e-03,-4.126856153559526064e-01,-1.131798773583197748e-01,1.716971295073659032e-01,-2.956706026074569782e-01,-8.808047241681106476e-02,3.923311706925659004e-01,2.207756935531705711e+00,-1.922606211127999010e-01,-2.878794657583328559e-03,-1.520264490607347585e-01,2.003685019067795170e-01,-7.118775132819060714e-02,-1.869004029288111879e-01
-6.280616543843291211e-02,-2.322014801321566901e-01,5.657863578828029594e-01,-9.374258766229496415e-03,-1.932241884371713458e-01,3.533009247889615234e-01,1.499363492549811439e-01,-2.435994533087414149e-02,-8.187849704351023161e-02,-4.137973855305627779e-01,-1.798338142878522505e-01,-4.850252653097826550e-02,7.857166543729346420e-02,5.028479767280955720e-02,-1.164274168847489604e-01,1.414468279385810712e-01,1.569689964707544905e-01,-6.886551623082806661e-02,-1.731895075788382476e-01,-9.836136098722172982e-02,2.725880747871990417e-01,-1.092121111360402491e-01,8.459831588146911330e-02,3.675626054368300588e-01,-2.781813258231534691e-01,-1.340597221312584686e-01,-3.482988543024756467e-02,1.249890419762082761e-01,1.477516094586348583e-01,-1.746791392486302108e-01,1.190916551478239660e-02,-1.211307144646097678e-01,4.816597642410532648e-02,2.445288502156796329e-01,3.649264292494984463e-02,-2.785050760455884955e-01,-2.028421280438401919e-01,3.285464644957388630e-02,6.026007921570416398e-02,2.789380148701104400e-01,1.486576773781781713e-01,-9.137046415705796232e-02,-2.493220458533483563e-01,1.152152001348242250e+00,1.682241457560119668e-01,1.659832558602781560e+00,-1.753246707021912376e-01,-2.922571234519526912e-02,2.998698854563908167e-01,-6.181034761589165871e-02
-1.441516945679297557e-01,-9.822822304711628649e-02,-2.784016454909221672e-01,-3.576243539550352790e-01,3.228793316402741032e-01,2.783502638043529487e+00,2.251344705618830155e-01,5.330661768929276789e-01,-9.210598040321971158e-01,-3.416054021531609308e-01,-1.047109984109181102e+00,1.488675893280339002e-01,4.114190998321766435e-02,4.844247844119503599e-02,-1.249493931194300689e-01,8.144411765508027257e-01,7.650925254458773583e-02,2.098326287805943047e-01,4.384670706728033274e-01,-3.127264140937757175e-01,8.983168484846537627e-02,3.220031709141131238e-01,2.930727917845428743e-01,2.975775676599794473e-01,-6.086736702376985830e-01,3.240564538808901052e-01,7.264810222637860249e-02,-1.386676575254810195e-01,-1.475255621550081164e-01,2.116588030165181267e-01,-5.548648160616438674e-02,-1.153015544703667010e-02,1.282322854439599813e-01,-6.994363874830664685e-01,8.217168753353287780e-01,-1.839263420920026759e-01,-2.614501840823398315e-01,-1.870009320903952277e-01,-2.651183816781994551e-01,2.694384356408411896e-01,-2.836943877634381939e-01,-2.973376016695084556e-01,-1.824122373829345500e-01,-2.433925391921757608e+00,-1.815807431024620000e-01,1.425312175116656643e+00,1.840845232460245340e-01,1.241156579573540336e-01,-2.521938246019977958e-01,1.059183807300270869e-01
1.363465901423326632e-01,1.133660832509181433e-02,2.001298160313456226e-02,1.673107436805968684e-01,-8.785212947517677395e-02,1.299270158195966161e-02,6.338252954828520191e-02,2.205657196567430700e-01,1.457454372442578139e-01,-3.950126981988778124e-02,-2.665482734626660744e-01,-2.423521979023337269e-01,-3.962116348772269647e-02,-2.129683874035450952e-01,5.281890154474680465e-03,6.575016122134797435e-03,1.274989929148925560e-01,1.258237020918081261e-01,-4.648306862751743762e-01,-3.663500751855364862e-02,-5.866941994103869878e-02,-1.394931699723248042e-01,-2.484519024898063089e-02,1.756941110502580616e-01,3.605567867308716590e-01,-4.180757590134267371e-02,3.680292257305163295e-01,-1.175722091795794282e-02,4.550581536985947029e-01,3.968232562310806261e-02,-2.578745708890791133e-01,4.973667844800212789e-02,4.049996230613801818e-02,7.699133159755745803e-02,-2.208002589413092243e-01,-2.560098695151154236e-02,-2.564510581554312746e-02,-8.205841694465486336e-02,5.361465067976317611e-02,1.252539153766878965e-01,-8.597401654967375129e-02,3.978317470469350248e-02,2.591148135913068917e-01,-1.608507451470410701e-02,7.368017836438131574e-02,-2.550657619403235987e-01,-1.585056237449948280e-01,-1.602608563739148229e-02,1.251802016242951066e-01,2.171970093768813698e-02
2.188960595507236651e-01,2.646745828367917386e-01,-4.422767550352361965e-02,7.331853713747452650e-01,-1.826184903993282108e-02,-1.639846500408863039e-01,-7.849502442526308521e-02,5.358001509002827678e-01,1.215206910559266801e-01,4.379834108009502541e-02,1.668815936255142740e-01,-2.873951288835099871e-02,1.011717437958267220e-02,5.811387650893356897e-03,-1.831765902404461632e-01,1.259370356375561772e-01,-3.290638520339499995e-01,3.639824792295603406e-01,2.476665030418590263e-01,1.834271282053121510e-01,-2.191012082088580337e-01,3.532743731101952167e-01,2.087459161427141219e-01,-4.169584140202157729e-01,2.028479405837425170e-02,-5.597358471107671818e-02,2.320783820590250346e-01,-1.465613256845567369e-01,-4.387096059937768966e-01,-1.222677829451423726e-01,2.632555896973578502e-01,-8.730983366721464800e-02,-9.075547309737433399e-02,-2.263576475215132444e-01,2.350707049395570902e-01,3.602649362771209035e-02,-9.331848940706427564e-02,-1.437734130941514810e-01,-2.161079377058875151e-01,-2.043429243829189834e-01,-2.599887961008442994e-01,-2.948509371313793870e-01,-9.279288178083192062e-02,-4.519647645626284627e-01,5.906307786299135748e-02,7.496958202236053692e-02,-1.753298123954529220e-01,-9.571558774844195205e-02,1.622671581606882074e-01,4.097636964251459568e-02
-6.643424445996598537e-02,-1.150441640495380134e-02,4.496478358869211989e-01,-2.258378704735678616e-02,-1.579739611858130277e-01,3.555410637208226143e-01,-5.330914393169161603e-02,9.594751105860413465e-02,1.185683844711275109e-01,-2.477599999428048705e-01,1.199023060126714613e-01,9.770438394826767847e-02,-9.351185820161586615e-02,-1.884253254123724741e-01,-3.167405450959381308e-01,1.590318590378120012e-01,-1.236434974135757897e-01,-2.666648070665651044e-03,2.071442710889581651e-01,-5.237303666072712187e-03,-9.949327671385284344e-02,2.503001267782043859e-03,-1.168155904442157306e-01,-4.716998492495367429e-02,2.354766999967675967e-01,-1.419319532434017983e-01,-2.108555290559231965e-01,2.081739053525839822e-01,1.403660312374305497e-01,-2.119634845404609058e-01,-6.728962006132149787e-02,-6.960666379100891032e-02,-6.817215884765150113e-02,-1.454954272923325055e-02,1.031658101664238540e-02,-1.361613369323348699e-02,-1.209156948506979468e-01,-6.710336104036887517e-02,3.457630609895467888e-02,-1.818894469414921444e-01,-2.198510042781796348e-01,-5.819367062523006506e-02,-9.267129860776536499e-02,5.077497193861116864e-01,4.518163360589936769e-03,-6.978501382935677066e-02,3.835597218558253751e-01,2.158407006711668061e-02,6.526925681602303853e-02,2.081888764395212893e-02
-4.291163592402002513e-01,3.477454921173405572e-02,1.905690258901512613e-01,1.278236637249645091e-01,-2.497886489165546120e-02,1.018952032790278878e-01,-5.788042314185480597e-02,4.477695305450800356e-02,8.095727034514917098e-02,9.083474167137450817e-02,-4.675783281738842695e-02,1.107870176767691978e-01,2.160857599464487133e-01,4.046730862432936782e-01,6.522198619167673961e-02,1.778631615381898456e-01,-1.309124344052799496e-02,-3.557297463324924358e-01,6.145501569950787696e-02,-4.659641718944109584e-02,9.519107320827262936e-04,1.769344357264712453e-01,1.004812268560908300e-01,9.452632435636761088e-02,-7.488460344449233974e-02,2.692178308366621198e-01,-2.735199231744630533e-01,2.104932210916809349e-02,-2.663729881196500449e-01,6.624947274831996524e-03,-1.346399653952513320e-01,6.842812261748988656e-02,1.391525898807184636e-01,1.045260296921069199e-01,2.458496947804117705e-01,2.111315797826114615e-02,-1.076083373993972914e-01,-2.534727281081159966e-01,-2.858399784385517450e-01,1.250729898563344294e-02,-4.093974654170183802e-01,9.818604119849638767e-02,1.446525574679897730e-01,-2.149464958445755913e-01,1.158904360017948831e-01,3.942160587275347905e-01,1.824161734774481514e-01,1.389448410723183036e-01,8.045618117974920325e-02,-8.569927457457923725e-02
