1.624345363663241837e-02,-1.230629764460971165e+00,-3.455027809055046251e-01,9.867694381223984790e-02,4.881409203066163632e-02,-2.998226972211108787e-01,5.743578251428035353e-01,7.087914421513269447e-02,-1.505496389999735563e+00,-1.391531523646533097e+00,9.932727789438526855e-01,6.248799521774254240e-01,-3.629047907225564362e-01,3.603120175843333994e-01,5.045049603085617340e-01,-1.477425965998883317e+00,4.899105257827495730e-01,1.133040563710050908e+00,4.882834176927641212e-01,1.839316147364160603e+00,1.376800234237058884e+00,-1.551592465311408597e+00,3.364497495782103192e-02,-1.346046053632425687e+00,2.934000370541099412e-01,-1.943631116081159682e+00,8.525612013523446997e-01
-9.357694342590688191e-03,-1.798148713075051530e+00,-9.891109471459269553e-01,-1.440550933361539054e-01,-9.435612177662908717e-01,-2.310130961190901555e-01,-4.186402454891146596e-01,-5.153142078261140346e-01,-1.170577088024915113e+00,-8.681173428778701240e-01,-6.975325776073353357e-01,-4.016671239846913988e-02,-1.782626111322679563e+00,-5.491791776421842686e-01,-1.859462230167758356e+00,-6.738495860467912379e-01,5.988904585150179871e-01,2.868208074486470194e-01,-1.172656957833809743e+00,1.108583236663215343e+00,4.369779835613076258e-01,-1.392972874552570683e+00,-5.231134779651280819e-01,-3.958050269515188679e-01,-6.122170118764762581e-01,-1.512860360608056842e+00,-7.806437643903717527e-01
-2.088942333747781030e-03,5.526919630187416832e-01,-7.381249992638133639e-01,-2.727144881711029423e-01,-3.662881553197616102e-01,-8.655923965770545569e-01,-7.445606042848594841e-01,-1.104990830597773810e+00,-9.320974078420335429e-01,8.801420037906866334e-01,-9.091931183676295325e-02,-6.652256870530373067e-01,-4.640604904256520058e-01,-1.368507605816450701e+00,1.195086099391964085e+00,3.267536323271652554e-01,-8.426000527701670295e-01,-8.454894543403173035e-01,9.750947271764760504e-01,-5.586321467588212242e-01,9.711930052137486280e-01,-1.515124236236996769e+00,-9.067856745614438774e-01,-7.149239651168839416e-01,-1.174879063033921894e-01,-6.883054043873085837e-01,1.136770601268838332e+00
-2.007580689299974432e-03,-1.037999517529452354e-01,-4.012317079890843630e-01,-3.345739582670052559e-01,-4.023637533973624114e-01,1.324261150619946648e+00,-7.075066844060499127e-01,-2.870675215538520675e-02,1.882143314520106303e+00,2.930017093143460816e+00,1.772858018946033454e+00,-4.641595444270903426e-01,3.005610241385841430e+00,1.892576445688891607e+00,2.362317640327683765e+00,-1.163007838346449829e-01,4.593670652477963370e-03,-1.260272885538244569e+00,3.927269400081961681e+00,-1.336350447325646007e+00,-1.135778322283777621e-03,1.926324197939834004e+00,9.541557699791021196e-01,1.941254685166604377e+00,2.830056615960088728e-02,8.810972140604163005e-01,1.332389752743520228e+00
-2.662185060036220859e-03,2.813876932607220493e-01,-7.647349554594118359e-01,4.057650154159923028e-01,5.747315053216556224e-01,-1.285517467386253776e-01,6.380707332049469216e-02,3.408360804501560093e-01,1.174149693613440126e+00,-1.992120264972215282e-01,4.548306962252853802e-01,4.739885073558690598e-01,-1.135872444645399604e+00,9.552100974240546050e-01,-1.129696235450128872e-01,-4.109200802624898285e-01,-8.459118562346719106e-01,1.600854278929504160e+00,-3.792454866756015397e-01,-2.570887423124942894e-01,-1.796816673910503204e-01,4.411362224828331291e-01,9.899903662739385768e-02,5.662501079296063944e-01,4.779725124367089628e-01,5.291950273933536675e-01,5.422336074504433556e-01
-6.235307296797915934e-03,1.195209724949268359e+00,3.741949960199985048e-01,1.685693813051234446e+00,4.148980563267948285e-01,1.167851767852784578e-01,-5.924882734035114007e-01,5.655941089295625224e-01,5.832389487029493447e-01,6.981467533057681418e-01,1.629831086769752524e+00,1.714569447103893474e+00,1.671311038280895112e+00,-1.344216679608909726e-01,1.110461926021800050e+00,6.819555400711553306e-01,-4.695747467061894276e-01,1.494158960315314255e+00,1.920379160407590158e+00,-6.225311336146648333e-01,-5.884141135662597222e-01,5.674501079480840371e-01,4.707742621776376396e-02,1.404376198615572058e+00,1.835640402370361246e-01,7.157374106172257333e-01,6.306314823850553974e-01
2.487991613877704906e-03,1.209307895840355362e+00,-8.040534087327371182e-01,2.353302279543339370e+00,8.306160879254120832e-01,1.262059295531906544e+00,1.496437206484177551e+00,8.251347979487063666e-01,4.217838993292959415e-01,1.587773296895329977e+00,2.754653487826381308e+00,3.580079608734017538e-01,-8.859533293546499877e-01,1.382442177539599415e+00,-1.131068296861728495e+00,8.575938924042662004e-01,1.995485835214592329e+00,-5.436759243114858142e-01,-1.372035359830517720e+00,8.189922979038034567e-01,2.380668720168615859e+00,-3.059267798667112889e-02,7.116222063620715188e-01,3.668809958565717455e-01,1.041483312648541215e+00,1.560059326276330482e+00,-1.069052176418448796e-01
-7.311270374727777376e-04,5.603683043326317392e-01,7.950678963772344066e-01,8.318161481476206154e-01,5.871902734646420319e-01,1.728518633910888891e+00,-8.687937186262954803e-02,7.300331453036048579e-01,4.329861580723809444e-01,1.091218698608423132e+00,1.416122450068426852e+00,4.409622785650134658e-01,-4.163519692246164250e-01,-6.602687579276066143e-02,4.219864151524326257e-01,1.410068438566017379e+00,4.430643069176549154e-01,-6.538213647894962621e-01,-6.725798452905208391e-01,4.243118000869391948e-02,2.126121660859822349e+00,2.188384802217574698e+00,-1.360467538155320623e-03,7.680061679689469401e-01,7.803167245805064933e-01,6.834258519203791904e-01,9.045867375986295089e-01
6.233621765780327124e-03,-8.674508775159543994e-01,9.769441605212673130e-01,1.413837462919445009e-01,-8.300909990807280037e-02,1.894348670954337122e+00,5.819341334301795232e-01,1.066973896538462169e-01,3.168659769503864299e-01,1.414730882885868013e+00,-1.819598676611481114e+00,-1.308620666720771375e+00,-2.156206275890681034e+00,-1.776596578425178929e+00,-1.332661996819363148e+00,1.183535032780060670e+00,-1.170681585579532058e+00,-1.496890754623440012e+00,-1.558759303939586616e+00,-2.652361680862148852e+00,-2.381100496381924447e+00,1.012814262241035559e-02,-8.937324974998615001e-01,-1.160371844760815563e+00,-2.341075946996711288e+00,-5.475509630367878522e-01,-2.058529832826191619e+00
-1.396620424595431884e-02,-5.008732582084562956e-02,2.332309895802591737e-01,3.476741202334522884e-01,-9.322405141223066849e-01,-2.858187399641926030e-01,1.044065270263768053e+00,-1.654224896843165260e-01,4.757466853278893848e-01,-7.983442998022418635e-01,2.890073777063631444e-01,4.391625572548267797e-01,-4.551889513529585041e-01,-2.646260742034446389e-01,9.928496549340840027e-02,-4.062674819466036702e-01,5.809996143957871784e-01,9.475868284924120477e-01,-7.295062167080601512e-01,-1.077411692712595848e+00,-2.373725417954217556e-02,-6.947871728704819727e-01,-3.920609302883580893e-01,2.126879064877100489e-01,-6.848270469871893529e-02,-1.008460591275116627e-03,-4.667987510404576490e-01
8.360047194342688434e-03,6.976173795639050157e-01,8.174101953559264055e-01,1.516918990933188827e+00,-4.710871118950298864e-01,-9.852309595878348814e-02,-4.327161745276968952e-01,1.078512240288184820e+00,9.524331785350548252e-01,8.468483812650935416e-01,-3.126724085122521424e-01,5.736091716520326234e-01,3.053609032616820262e-01,4.325063872291544098e-01,5.630632695038215729e-01,6.608136063025806806e-01,1.516301496645351188e+00,1.815765457815688544e+00,4.484579422450196695e-01,2.152210941457123550e+00,2.067407667693075823e-01,8.545649184876462634e-01,2.712308790404575065e-01,-1.557151559785054373e-01,1.282073548629488191e-01,2.845131897839555113e-01,1.104843966671389621e+00
7.847706510155896126e-03,2.750471168779053954e-01,8.663799553692294597e-02,1.702026764754666077e+00,1.021550553209272377e-01,-3.651279804197326007e-01,-3.658356750883762776e-01,1.818626482119626020e-01,-4.207203857613345810e-01,-3.282258098810355573e-01,-6.439458875531982596e-01,-4.079475789567614252e-01,-1.998045427401293761e+00,9.646450863078649407e-01,-4.271192273118519234e-01,2.425498615534804059e-01,1.241117955166080034e+00,-1.125792777586230198e+00,4.876435592930594143e-01,3.957972896019819331e-02,2.492017910159068095e-02,-2.033717386592700516e-01,1.705428977740180152e-01,4.452858867742313410e-03,-1.400095980309944699e-01,-7.770266025329557458e-01,-8.002137888153724177e-01
6.210827008390084128e-03,3.509106496117411211e-01,9.303239449367403657e-02,7.103646670603321889e-01,-1.831424322843210994e+00,-7.749863755475419058e-01,-2.040181630282542069e-01,4.736765149019384613e-01,-1.360863153501018719e+00,1.412571068500437343e+00,-8.096872781701339727e-01,-9.123515300420023122e-01,-6.311713930080820045e-01,-1.656044711672550296e+00,-2.779088020227989286e+00,3.722474831040242793e-01,-5.578412208650219972e-02,-7.911940909219030704e-01,1.476488764502881024e+00,-8.908420139373708357e-01,-5.269802428192953414e-01,8.496020084376407766e-01,3.403741332629640071e-01,8.125242897386329988e-01,-8.397981903840807671e-01,5.661654914405492844e-01,-1.786284753914780365e+00
9.200179332477631533e-03,6.085192600394356832e-01,6.803132814155026242e-01,-9.202691067634161115e-02,-5.860865021509169548e-01,3.695042486047653840e-01,5.749329986344700050e-01,6.354163843345970175e-01,1.206089838081536803e+00,3.893944047070094228e-01,8.536277216208297824e-01,1.204743416971835179e+00,4.630055521358896198e-01,-1.284606812531703834e+00,-1.704333595429878556e-01,-6.260827541978054855e-02,5.477416503049190588e-01,-1.176848072363718467e+00,1.762598272021567380e+00,1.247643671521121878e+00,4.598545348247450731e-02,1.736887948302890061e+00,1.629705172963095139e+00,1.192850345419933067e+00,1.146481461504139654e+00,1.998294266056486634e+00,5.762776359451301511e-01
-1.755925640232851997e-02,-3.410959625564303765e-01,-1.570007199367691175e+00,-1.981533769851802518e+00,-1.844618759777517381e-01,-1.301891435297548028e-01,-1.100168633023037135e+00,-9.091425787928117952e-01,-2.282565167061352818e-01,-9.285441207674376418e-01,-1.658099348416800511e+00,-1.035469284427384951e+00,4.235900271833393793e-01,-2.095674255384148310e+00,-2.022280353458435265e+00,-1.303627664293512511e+00,-1.834931141861960935e+00,3.317242149617539992e-02,-1.027785769495479506e+00,1.657626471583145966e-01,-1.495632931865956486e-02,-8.163709298848182971e-01,-1.675877441719832550e+00,-1.828133343715167003e+00,1.088379231771483407e-01,-9.138918609728169384e-01,-1.419233904110795086e+00
8.646440652428741703e-04,-9.729299590461575054e-02,2.115917104058165688e+00,4.457135508457204520e-01,7.735528370592880121e-01,4.473417019467644251e-01,1.878079847898810106e+00,1.689224507395175490e+00,1.533254896530005240e+00,1.019226001476653543e-01,3.827420574206536474e-01,1.426172340304137753e+00,1.902831092333221230e+00,1.876343186741085578e+00,2.213183626378590618e-01,2.353952235246766111e+00,1.531356753173472418e+00,2.367466723318090605e+00,1.415034090358776808e+00,8.985097501041904300e-01,3.622089677937284646e-01,1.531321493728106775e+00,1.866103445034448693e+00,1.531664482350643119e+00,1.066780491820035648e+00,6.544193916539421396e-01,7.397757714581896238e-01
8.408615581411036863e-03,1.084615187026276351e+00,6.431882603244516439e-01,-1.305373830090637011e+00,1.849993044838134537e+00,4.116359698630726038e-01,8.493202115240265915e-01,1.715785885216952300e+00,1.512990788915129503e+00,2.310838073852332919e-01,1.508672928070807329e+00,-1.160699612013719496e-02,-1.306931858721848694e-01,1.074175916334317998e-01,2.376093658445042056e-01,1.489231893054792089e+00,6.997531068203792781e-01,2.158168917925036290e+00,-6.663780957882009526e-01,3.682191051669017057e-01,1.873815569041887619e+00,-4.806632621230137042e-02,-9.241227636226191366e-01,-3.724773638583422364e-01,4.896113960443492230e-01,-2.066115590462466178e-01,8.134879397933255651e-01
-5.938430672545096621e-03,-1.739514407016434339e+00,-1.853237942086932710e+00,-3.452229516501563733e-01,-1.757881426642838585e-01,-2.614260358387343608e-02,-1.443290145373682942e-01,-4.851738380332507594e-01,8.556897600249648017e-02,-9.189334565484047479e-01,-1.393107160451282578e+00,5.324732923130649498e-01,-1.023871253732970832e+00,-1.600706825658238852e+00,5.258903108077448429e-01,3.522932778982568736e-01,4.390134544103934666e-01,-2.232105928310390119e+00,-6.574632824976672785e-01,-1.633812640565570629e-01,-2.729820013570711246e-01,1.072301280305552273e+00,-1.187803439331075905e+00,2.671846404311661871e-01,-6.661110250270133037e-02,-2.173376785097566877e-01,-4.993197023323904804e-01
1.197830841721251108e-02,2.939186468185851275e+00,-1.282596061027281298e+00,-1.429520268954268092e+00,-1.155678289396617098e+00,2.540369713499149196e+00,-5.603252092531034734e-01,1.057788163402016757e+00,-1.323993810812026606e+00,3.282033716181791849e+00,-1.293422901055600871e+00,-8.186181529233653720e-01,-9.838429329390127043e-01,-1.677150721596332161e+00,-8.081136109891710051e-01,2.120756120693940261e+00,-3.263735999583213809e-01,-2.094155383743733445e+00,-2.289915991630448122e+00,-1.893192152418565533e+00,-1.810020706942524038e+00,1.010623584047031009e+00,-1.682495139170621767e+00,-1.978411476985591833e+00,7.006946835243583749e-01,1.353536639211608827e+00,-3.814257431654933805e-01
-1.164007971161202214e-02,-2.627126906703693088e+00,1.211971198320080711e+00,1.196641548865242433e+00,-4.035590203026937633e-02,-1.718881347573802287e+00,1.202633454349337772e+00,1.014387889516803698e+00,6.818486830685217548e-01,-1.672538330952793029e+00,2.720062788387929698e-01,1.476768768952144428e-01,8.626545219534723641e-01,-1.593377728645731128e+00,4.121087548235683462e-01,-1.805284939927339627e+00,4.587122762585483238e-01,5.931085784802684335e-01,-1.092908214201455896e+00,-1.972011647818037838e+00,-4.739620099893664396e-01,-1.805869513487289524e+00,4.527996452693895946e-01,6.925974570455759594e-01,-1.154424903324258844e+00,-4.275259599904480678e-01,-1.004737394183933263e+00
-4.244927905709273974e-03,-1.677584207394887672e+00,-1.145043273693724162e+00,2.456160395709495958e+00,-1.741271024201573425e+00,-2.194413077325908734e+00,-7.844984953277097661e-01,4.881838134205124247e-02,6.847850034288813226e-02,-1.441500056223408599e+00,4.093144179086275480e-01,5.387024481454691927e-01,-1.293386359561634613e+00,-7.517729882554796683e-01,-2.387554747298506475e-01,-1.338669606949059343e+00,-3.647186722885574495e-02,1.114891828331331158e+00,-3.504662412584543585e+00,2.046563230708660530e+00,-1.613318380299633426e-01,-1.380702327160110432e+00,-1.941980825609790351e+00,2.607345151140433998e-02,6.846143227796787079e-01,3.734130838757850346e-01,-4.004103504999109719e-01
1.073432938235896559e-03,-7.070047232697860284e-01,1.336347837568726549e-01,2.648977270983431803e-02,-7.176060673687016944e-01,3.401308082022612700e-01,5.766062801535670745e-01,-3.317389310270595915e-01,5.115491341516475998e-01,2.868521534208196666e+00,8.153225687448103498e-01,-2.147791024486810585e+00,9.481720406216727071e-01,5.388693239303591342e-01,-3.336357236276462634e-01,-9.915532976031528056e-01,-3.963753321863198176e-01,1.371703735371808230e+00,-5.483106576727587722e-01,8.549882922263218887e-01,-2.128755016625595076e+00,-1.708812194722266087e+00,-1.104369287755228024e+00,-1.731386774753492785e+00,-3.820042768332885808e-01,8.525161078201635156e-01,-2.148213128281815654e-01
3.494358936374005061e-04,2.434689276666593294e+00,-8.117927653223590001e-01,-4.418970001377506285e-01,-5.383828216499596947e-02,2.469040590942891189e+00,-1.158891065543596444e+00,7.492657641553095160e-02,-9.605362568454942629e-01,3.233900944156428370e+00,-1.037219471311420449e+00,3.802931652418801121e-03,3.258941412738653454e-01,7.725703846356604676e-02,-1.266652033649351861e+00,2.242187835694326559e+00,-7.000941056146582353e-01,-1.954253820112777928e-01,-5.121458023785484537e-01,-3.763768723407475703e-01,2.640887969651008887e-02,2.715049609619639259e+00,4.089886677491861300e-01,5.822910143082257184e-01,-1.062686711734175837e+00,1.046846873844497594e+00,-1.319428311417080613e+00
-1.823919852625193946e-02,2.505195139836872809e+00,2.382547774860138912e+00,3.053892185960931371e+00,1.626032234084881178e+00,-4.344721504131837664e-01,1.987628511673756648e+00,2.487603180447306439e+00,3.959329201742348148e-01,-1.425629367981794404e+00,-2.687662829195143210e-01,1.744039587114990741e+00,5.964017843492548376e-01,-4.774334422230366859e-01,8.507399751109899766e-01,-5.616519354398351593e-01,2.354706753255885854e+00,5.879805326963591927e-01,8.573330018487150539e-02,2.073228408708636561e+00,1.862134254465340755e+00,-1.540427816122902804e+00,1.965050423482987751e+00,8.800710852993794964e-01,3.141914987285433503e-01,-5.391898073986034490e-01,1.129693409220036138e+00
-5.089722778228614880e-03,1.007295488785711485e-01,-5.856624632075230208e-01,-6.055040252699184222e-01,-1.590570079523521807e+00,-3.227666709272061785e-02,-1.421713502240583349e+00,-5.250937223565974588e-01,-1.915542271033336963e+00,4.035598144227696138e-01,-8.847241378641966802e-01,-5.890219875143153372e-01,-1.292175956598232478e+00,-7.518216769626425711e-01,-2.862923060634104733e+00,-9.702214752443328871e-01,-4.866551219676369389e-01,-2.071114109054696062e+00,-3.173812067578937413e+00,-2.162083722671853891e+00,-1.553663585133505887e+00,-5.149676234583225876e-01,-2.036864564064299277e+00,-1.376911986503055463e+00,-1.030384180791410254e+00,-2.980503815165065795e+00,-7.778361759356076099e-01
3.196569419445934816e-03,-1.642361414362273786e+00,1.472493409757338112e+00,1.133181766576419891e-01,2.921963574836650146e+00,1.770892829956877801e+00,1.457132578356751251e+00,8.224222029625172237e-01,1.994753466257446428e+00,1.094061676061513166e+00,1.165176600575632992e+00,1.196127421628863985e+00,-1.940201633224819810e-01,2.050068329360634323e+00,1.274751896343634838e+00,-1.512709720775106792e+00,-3.772671404343034274e-01,-6.878206930272278141e-01,1.715383774025744934e+00,3.155981609647084962e-01,4.664512639722533383e-01,-3.502622245480538909e-01,2.494961719794301480e+00,1.412216457564591021e+00,1.551364293993720667e+00,2.215698927475631574e+00,2.044729630525652819e+00
-5.936790254849916727e-04,2.380316208625861574e+00,-1.291464576065853409e+00,-2.829591995082370026e-01,-7.864421246563955137e-01,1.469065579178355341e+00,-2.779817919707581741e-01,-8.820958308498760836e-01,1.353682907123719303e+00,1.105900195141654496e+00,7.968542719901132720e-01,-2.557659956170633131e-01,1.073272828713999649e+00,1.770344490830147777e+00,-8.567295493392977634e-02,1.965094207555634354e+00,-7.658020174079483988e-01,1.341841795025689565e+00,-1.966309153079781880e-01,2.475575803446125045e-01,-1.133141020036407820e+00,-7.899516435915654444e-01,6.305164243731662399e-01,-1.992572737543145400e-01,7.546319259918177202e-01,1.345472176112572749e+00,1.055393984049682876e+00
1.049218290752567881e-02,-3.498225707506750215e-01,-8.212969064414831211e-01,1.950289769130178208e-01,-1.634249866345420521e-02,-9.605098461215748618e-01,-1.045615033007897932e+00,-9.497760438733844346e-01,-1.237628427546477949e+00,-7.631516805776347168e-01,-2.041926747362279304e+00,-5.117832687870829123e-01,-7.985933711407651181e-01,5.003794041461385733e-01,5.292587040934294551e-01,-1.468280114860511132e+00,-5.885453640184872270e-01,-2.334595224085804333e+00,-1.653319124073358903e+00,1.653375880359976013e-01,-4.979384385968239624e-01,3.748345273368202113e-01,-1.721199741987588405e+00,-2.068482962458192187e+00,-7.447873883347685409e-01,-4.406852655180233391e-01,4.169533818671890546e-01
-9.509092510507697119e-03,-1.196136060985094618e+00,7.256307232381331573e-01,-1.366235342787700313e+00,-4.458622654690645448e-01,-2.620678656245376992e+00,5.498749888147779208e-01,4.475710667416235577e-02,1.594403110419395364e-01,-2.048819860705750173e+00,-8.235072819983252357e-01,-6.316740384555707966e-01,-2.770899575585775487e+00,1.436287639516555803e+00,-5.669803194524541956e-01,-1.130577290130171164e+00,5.306645635021488561e-01,9.023123264024310863e-01,-7.161107833985113080e-01,7.334112881439536213e-01,-2.127717778228674639e-01,-1.514254056447207120e+00,1.022622725580974556e+00,1.088883408877207470e+00,7.365339134050710723e-02,-1.132331317148141059e+00,2.757603863721810322e-01
5.053819027529176180e-03,2.113251818729293408e-01,2.085237386516491931e-01,-3.649919436234290437e-02,9.662469416186418580e-02,4.165023372938680413e-01,2.536702093530600055e-01,2.016815526344589160e-01,2.896162031713472862e-01,8.728294709349710967e-01,-2.483362277214624103e-01,2.230593746828637980e-01,-3.218488810177628362e-02,7.633567069253120729e-02,8.063639280930463560e-01,3.768541696305299227e-01,7.052668826628968879e-02,-2.316188141981104509e-01,4.711442283223884475e-01,3.623640493953858011e-01,-2.195429110418782581e-01,1.448473396696732030e+00,2.670140879157060776e-01,6.022981658750343747e-01,3.956223206898275557e-01,1.053180546539339568e+00,7.605721886931118836e-02
-5.691486535119704565e-03,5.300874538703573835e-01,1.017499304621842127e+00,1.506456032300643066e+00,6.225627683202408225e-01,3.538966904511625655e-01,1.076254330535139969e+00,1.329903227754738237e+00,-1.800758268932105277e-01,-7.667538219151015522e-01,1.120140986934782701e+00,2.768991301436516395e-01,3.129206752756794607e-01,1.217645091148862546e+00,-9.907826495073494832e-02,5.038866368126715400e-01,9.871500701229155572e-01,1.145653529224734513e+00,-3.914078083471698721e-01,-6.114274569942285131e-01,-6.176819288598398572e-01,2.204459516062933222e+00,3.239619935633515357e-01,6.483456191373102584e-01,-2.147536588108542033e-01,1.111170025107940385e+00,-2.831170179711458013e-01
1.855356209665554078e-03,9.203086276790008527e-03,5.776636186135623019e-01,3.076212716741545949e-01,3.102584918978495976e-01,-3.659538227287193468e-01,7.207758714270541267e-01,2.690239293682493704e-01,-1.110099473220021116e+00,-7.482191584692211572e-01,-8.809168803327799280e-01,-1.123461008451905746e-01,3.882711306290064224e-01,8.258445432536137831e-01,-7.733782555806936188e-01,-1.895641428810652673e-01,5.635011929414419640e-01,-1.468562383990947851e+00,-1.572515022068667057e-01,-1.000656112219196148e+00,1.058899115424426496e+00,4.083540414461072632e-01,8.635088595735814776e-01,6.876149376788416312e-01,9.572142958782654809e-02,-8.086899157797751148e-01,-2.096819488773908058e-01
-5.223564651356952734e-03,-5.951125391086097283e-01,1.872548331544268974e-01,-6.126498991919445691e-01,-3.413680536328033699e-01,-5.725643981022400242e-01,7.026194595812942367e-01,-5.436217409853714155e-01,-5.644901277221165553e-02,2.035594993641779427e-01,-1.124729903499677608e+00,-1.106786515722455011e+00,4.244849426562148642e-02,3.664380770723841274e-01,-2.483754635933605182e-01,-5.120010961812347938e-01,-2.990403619721992978e-01,-1.453582394094653729e+00,-7.089935806466777235e-01,-9.521416202580389454e-01,-3.468529797721049690e-02,-7.356628401040219423e-01,1.036077257111864963e-01,-1.707448607961869202e-01,-5.808610585341279497e-01,-5.719353918353603516e-01,-9.046717737759158995e-01
-1.920036966310444170e-03,-2.867499099559799536e+00,1.290858441765909026e+00,-3.798228295274028166e-01,-5.436759790613769905e-01,-3.154422506993931563e+00,-4.922618810957224977e-01,9.522794866545369885e-01,5.092495596808797043e-01,-1.508055024839777047e+00,8.499972045799302212e-01,1.183097529309643070e+00,-1.758377169040579835e+00,1.711959939006155285e+00,-2.888490457638561715e+00,-6.031209716947472099e-01,6.168391331649873965e-01,6.144555997810282610e-01,-1.148051096262219239e+00,-2.178275065139685940e-01,-1.418762394618775735e+00,-1.904582424874196933e+00,1.392171410626733996e+00,3.808641891400673662e-01,-6.270164895488111734e-01,-1.203604805825681634e+00,8.237419533201780775e-01
-3.946896809955576652e-03,1.981304948300679714e+00,-4.180089862589720512e-02,1.448432285816029008e+00,-2.850645355712260742e-01,5.178095919563789895e-01,-5.087404019049101001e-01,-1.769296254452968342e-01,1.563560849548365050e+00,4.381396255507902793e-01,-6.067991581791282174e-01,6.170831738779780640e-01,-5.592294950622909988e-02,1.791748552346636103e+00,1.178695479070878127e+00,-8.159614295950534668e-01,-8.897065372899280733e-02,-1.150188351591508784e+00,-6.807742188770689040e-01,6.962017630572790994e-01,-6.887370441383307007e-01,5.273693034302459060e-01,1.656815754254487016e+00,1.822536986454584396e+00,1.242794480700881860e-01,-7.032715412750878414e-01,8.820319996176617661e-01
-1.419148777144486895e-02,9.406597578829560546e-02,-5.463751077187916499e-02,-1.000850080380801810e+00,-8.778210103608248271e-01,-3.641911665257372976e-01,2.448322646899402655e-01,-8.392957342740914317e-01,6.207584563356166596e-01,1.665944233455752266e-01,-5.198163952518465303e-01,5.689531249895600773e-01,-5.599278751316211222e-01,3.770255338692140024e-01,1.871702084085055395e-01,7.582438535878424091e-01,-1.309724268259772895e-01,7.435507057388379692e-01,-6.352850328711252548e-01,-7.947606120685135611e-01,-4.374403576041609454e-01,5.005906403804126770e-01,-8.980692344599136012e-01,5.474578105774233899e-02,-5.657860585407391563e-01,-1.252610978222977282e-02,4.924522983723401137e-01
-8.399889146122470687e-03,-4.264650449850374003e-01,2.354560017634493296e-01,-2.375620223498292383e+00,-2.326878423789651429e-01,-6.044625315098179907e-01,-1.116046168373351577e+00,-5.816615366897268657e-01,-2.108544276292735553e+00,-1.337633786779748313e+00,-1.108514743213157017e+00,-1.511586571580838090e+00,-5.073422758749114303e-01,1.235596641353476771e-01,-2.363507655095121451e-01,-9.991537494457541912e-01,-1.109941157826074054e+00,2.589985065884370385e-01,-2.148431428669699272e+00,-1.617664107200222912e+00,-1.376749476867401123e+00,-1.521946393027828748e+00,-6.790043701184663230e-03,-5.313282137260008087e-01,-9.345125933633636750e-01,-5.012954117349201905e-02,-6.525919893326174170e-01
-1.869550165327495822e-03,-6.611379367897303183e-01,-1.251118982512743782e+00,5.298583856564814676e-01,-1.195018176251608333e+00,-4.661111104141392736e-01,-2.115908106828894741e+00,-4.350132076148557347e-01,-6.133039729920627403e-01,1.097257180070013050e+00,5.231992110352775560e-01,9.871135381041870049e-01,-2.767203778645032308e+00,-1.192331442529017460e+00,-2.362922742672821652e-01,4.147876531020998625e-01,2.492808337007509367e-01,7.007578870864444864e-01,-2.165317856134858221e-01,2.522355618443856140e-01,-8.075355138829198864e-01,7.314389706577517636e-02,-1.867631922854036564e+00,-1.374546953380093306e-01,-1.190878650230372982e+00,1.807464118175695189e+00,-8.599247705121390029e-01
3.619746276043532399e-04,-5.637249718890286615e-02,-1.425245356649126771e+00,3.773180580176083154e-01,-1.389673672304915897e+00,3.048112996469141533e-05,-9.982288109341952431e-01,-5.656207815335720923e-01,-1.565245288040710003e-01,-3.201961293729015945e-01,7.898650227861150341e-01,-1.602331020344783141e+00,1.232237539518314495e+00,-1.292951333228619992e+00,-1.067841534203100684e+00,-7.210166831782768848e-02,-3.888911718219048574e-02,1.003788030390166286e+00,4.143071436714711869e-02,1.416793576344720362e+00,-1.326648791795602966e-01,-2.878188883924772123e-01,-8.797415855320512845e-01,-1.236574437214146727e+00,-2.155571165589823812e-01,5.190766217628424162e-01,-5.803942526358352172e-01
-5.889311760437443422e-03,9.607280832399406334e-01,1.464133746708550898e+00,1.090927285405137948e+00,5.401159193531483993e-01,5.804895173369261085e-01,-4.508615001553252788e-01,-1.002579719983827805e-01,-1.418031479325127631e+00,-7.876716243846912935e-01,-1.647805053233538430e+00,-3.326657441653854685e-02,-1.437084951923533138e+00,-2.242838535592874827e+00,-1.454198979777938217e+00,-1.072742349131914130e+00,2.683805912149908601e-03,2.005824582238176501e-01,-2.875065619029962827e-01,3.683298156085308972e-01,3.465864909874400435e-01,-1.251045964925352916e+00,-2.114371205379264929e+00,-1.116043218717085894e+00,-9.359737636252363213e-01,-2.364213066032721855e+00,-4.438166822505815179e-01
6.271770353915255038e-03,2.788631501516282363e+00,1.964165241555763330e+00,1.183328332017522522e+00,2.505384395083593230e+00,3.127419050061140293e+00,1.697210326993401130e+00,2.240234814876474800e+00,2.394186748493365879e+00,2.980122255518452334e+00,1.097723882721960420e+00,2.611071348808966963e+00,2.410671970906468342e+00,2.081259020088435108e+00,3.288616054862022242e+00,3.660603789266958952e+00,1.286729062289190040e+00,2.082752321189617728e+00,2.640627246671590100e+00,2.677100481569832269e+00,2.281904745575448867e+00,6.269851672257765740e-01,1.787598770263889802e+00,1.974358041876705716e+00,1.851486107849789065e+00,2.594590856654061639e+00,2.159706954790624245e+00
-3.122296613778122176e-03,-6.957680962528854651e-02,1.791243088547953999e+00,1.717613971543614726e+00,1.193663804115205229e+00,3.715857154538954266e+00,1.369992396979094140e+00,2.234829534876511259e-01,2.937636397303104996e-01,-5.009351205605752089e-01,-1.863792613349084804e-01,1.465718651372844406e+00,2.302025439871112411e+00,2.804795535028064557e-01,-2.114961691836814150e+00,1.148184360067006748e+00,1.047216411392732693e+00,1.830599619506266373e+00,9.397188476945436131e-01,-6.749333091420101072e-01,1.141248387112524965e+00,4.129785933947479615e-01,7.909847366400460378e-02,5.473875041519949969e-01,9.723635925829166027e-01,2.317177121145564400e-01,1.213944027842003504e+00
2.907879464687055261e-03,-7.042099271543570405e-01,-1.088703757139039441e+00,4.853455067431665104e-01,-7.626291973013302750e-01,-7.038727169579805931e-01,4.407470986424889547e-01,-1.329617957072302792e+00,-3.138541662631617601e-01,-8.033653891520101675e-01,-1.064130244711526174e+00,-5.139651459367212266e-02,9.447750776548197171e-01,-3.367813726907056826e-01,-1.233559815878677163e-01,-3.030614700927813931e-01,5.826932654871421757e-01,-2.068861762294483153e+00,-6.697735719586717096e-01,-1.523527077930515672e+00,-5.308673575883623430e-01,-6.095273851718185920e-01,-1.299016740569687522e+00,-6.976181580298060902e-01,-9.342686270284975558e-01,-6.746100973442311632e-01,-8.166871728828466459e-01
-7.299266122876394390e-03,-6.206598571168999712e-01,3.580814589333066733e-01,2.067865187147424066e+00,-8.116508666491906165e-01,-1.557534593354399644e-01,-1.150578208123965163e-01,-7.291650419447958109e-01,1.100162221531144846e+00,-2.958551272577440550e+00,5.843639802906880343e-01,8.633243184730218234e-01,-7.135985712707538786e-01,1.169800845837945413e+00,-3.842436119615668111e-01,-3.002733708263101597e+00,-9.113385428079847639e-01,-4.090678040087706857e-01,2.188323334738322135e-01,-2.106073112233825206e+00,-1.116999346476231336e+00,-1.928743566185803227e+00,4.898493381203077868e-01,-3.872985990024874758e-01,-7.951198041270621797e-01,-2.494485727340081560e+00,2.428321327976069866e-01
3.633479185742650650e-03,-2.433989850480319905e+00,1.900323098595650073e+00,2.060040763539152664e+00,1.036025009119022400e+00,-8.334523345533161320e-01,1.837986960019920790e+00,1.795512236938326955e+00,-4.548315080769458896e-01,1.412981442701673807e+00,1.133768493266436028e+00,1.518843802085590111e+00,2.928302149958041500e+00,1.501205851198181840e+00,2.477863715512231835e+00,-2.352073456136375640e+00,1.305007123349860354e+00,-6.167864162171374787e-01,-2.925384933832724799e-01,2.311372937377591086e+00,2.496574071871962897e+00,8.119726025324517371e-01,1.645900665326155199e+00,1.297230517819243922e-01,1.495525737061534244e+00,4.619697429546262835e-01,1.623426244115626860e+00
-6.239051526686622065e-03,1.195303053685473404e+00,-1.662682808913719112e-01,1.603531202865098981e+00,1.084091688882730775e+00,1.824400636974008227e+00,8.662445958173427274e-03,4.369211185475773696e-01,1.082116545914872052e+00,2.249365139635070676e+00,-3.747299263996943797e-01,1.421215360221259827e+00,2.006106518212097178e+00,1.336982266352442217e+00,1.845008416428881137e+00,1.591481674278843794e+00,-4.385645743744902014e-01,3.959205689749913937e-01,1.007521676392135301e+00,8.004416600305074292e-01,1.782183552039292573e+00,1.824223534181473427e+00,-5.706042480356647850e-01,2.680579299111139902e-01,5.372422706447435026e-01,2.269034755381058588e+00,1.004847454179485622e+00
7.182163825618533698e-03,1.109155288575152554e+00,8.016155597565989277e-01,7.212549288233907063e-01,-1.765753435216702139e+00,2.604501366704881082e+00,5.024253390665708308e-01,-5.072690581940884208e-02,4.743463511756684792e-01,2.289891576463672251e+00,-1.121862819600202954e+00,-9.940343725009749276e-01,-7.599238781740252913e-01,1.229063975690059429e+00,7.084346272122767907e-01,8.075607487664174799e-01,9.707891984204433111e-01,-1.397286739359765884e+00,-1.329968561332524890e-01,-1.121434370009636750e+00,1.149016118366148698e+00,1.712165659976740528e+00,4.926775724161854275e-01,-6.203218336927402571e-02,-6.452342331944749265e-01,1.096635236337610175e+00,-2.243405711097417876e-01
2.194774937754362908e-03,-2.161395602132474281e+00,-9.663918088439178433e-01,3.955157941969720259e-01,1.472526739927575434e+00,-1.946459308793286436e+00,-1.234450918693567711e+00,1.565737504582698225e+00,-4.551019802007997272e-01,3.342969377145652565e-01,8.132175254988414093e-01,6.914706684215420340e-01,-1.874970085480001381e-01,-4.158451525877391863e-01,-2.191201614309413515e+00,-2.693676810710471159e+00,-3.537344085923605497e-01,6.412176797469861800e-01,-8.152309126971268860e-01,-1.245530646193837354e+00,7.172739161461744173e-01,-1.347485823710757646e+00,1.086347447875017913e+00,-5.954031912365943535e-01,-9.867990372486645789e-01,1.836301202641278829e+00,-1.305273908407795780e-01
6.030359101266988611e-03,2.049209337203651948e+00,-5.452908101275649733e-01,-4.135176041784676126e-01,1.527442703012021674e+00,9.601981189257121629e-01,3.960111649900007746e-01,-1.095416594400165922e-01,9.464963162275061848e-01,5.112089366525649492e-01,1.287525998406058969e+00,1.827442429526854983e+00,3.846315502947826870e-01,-1.888279430705476769e-01,-1.957134737717951989e+00,-4.057027331809862636e-01,7.695347729049102359e-01,-1.295073235224598385e+00,1.830555948315240877e-01,8.728218399200793343e-01,2.007642121340877495e+00,2.364048598240608978e+00,5.306263374844658598e-01,4.241251436121480922e-01,-4.257367116898029824e-01,8.871407370623638489e-01,9.088347332414837831e-01
8.730058373155312815e-03,-1.152843479190528569e-01,8.093726559353250360e-01,-2.338129416835469376e-01,3.588617394768919278e-01,4.013662820583743795e-01,-1.676344520408096506e-01,-4.714864210921523857e-01,-6.391153600296638482e-01,3.798814127373700833e-01,6.607891791523137215e-01,1.222117672623391216e-01,1.307514754391318201e-01,-7.604595860216131209e-01,1.172941014036665841e+00,1.117530448007823529e-01,4.669770628199937379e-01,9.253200612050856977e-01,5.719646409861892655e-01,-4.964617615785097970e-01,1.164211789425564580e+00,-1.242025390016599173e+00,-1.017179793307270375e+00,-9.163220440970560876e-01,-3.710708577878932268e-01,7.669073893751291449e-01,-4.772108364166714467e-01
