-3.313726304047223681e-01,1.249963889774050457e-01,-2.933100984433693048e-01,-2.265217932575313287e-01,3.590208770539056737e-01,3.281615075440286855e+00,1.355096653894740377e-01,3.688268938797581442e-01,-8.858542952637394885e-01,6.028160233141838242e-02,-2.989895583030661164e-01,3.628556975501473492e-02,-1.944015590683187689e-01,-4.899296764542611371e-02,1.779546188317294650e-02,4.067103040056206376e-01,-1.326097308689543897e-01,2.386125743870461391e-01,2.089673737895833827e-01,-9.374274772810090028e-02,3.577607465840568768e-01,9.502067147068853081e-02,4.256943065569477463e-02,3.934830276116869086e-01,-2.044691640448495773e-01,8.857481455653475333e-01,4.566679109651110013e-01,-1.503879947317114836e-02,3.291561070779674275e-02,1.387783737293306063e-01,-1.620660018242444933e-01,5.433413300784137312e-02,-7.290962511406205715e-02,-5.147466588893148121e-01,5.540749350516022825e-02,-1.720795522753631665e-02,7.220901348877012405e-03,-2.920295763389453916e-02,-1.362223016692759303e-01,-2.654742655045025934e-01,4.081711418298454297e-01,2.125659712985591698e-01,9.528575618471844810e-02,-2.618768496495232689e+00,3.833940639959398378e-01,1.114101878207317542e+00,-7.174746480307234164e-02,1.286308166059960123e-01,-1.995828874294558464e-01,4.086379333391407243e-02
-5.435831111188395293e-02,6.080866153296082127e-02,2.525151120199750077e-01,6.914294518066018691e-01,-2.399611918770462940e-02,9.557419752610659680e-01,-8.819618568684395310e-02,7.352803241074012952e-02,-2.445903414605080789e-02,1.729628798943186330e-01,-1.755236125146045906e-02,2.182730595188255573e-01,-1.867659005679169204e-01,-1.647476126979468321e-03,-2.335686043773273768e-01,2.540839690157485897e-01,1.197689190705659434e-01,1.400843165310188161e-02,-1.018911337307641496e+00,-2.723569296916271767e-02,1.303065165804407066e-01,9.848987273856656122e-02,-9.155085834298623548e-02,-1.914046933933342617e-02,1.417626572882161318e-01,3.955808427966597818e-01,-2.779625250715849760e-01,-5.026854585640860851e-02,-2.173977137521732050e-02,-3.664911856581877792e-01,1.422734997262466716e-01,5.064339076603580764e-02,2.173239253138909560e-02,2.218463118811348500e-01,1.096665298901175895e-01,-3.662918358158868265e-02,1.128158519532639209e-01,3.307906182901237946e-01,-8.326104179339359479e-02,-2.191525611432115217e-01,1.205664457127005734e-01,2.015264397217379419e-02,-8.326661197141815851e-02,8.376107911601264888e-01,3.492461998582017668e-01,5.305575919571587917e-01,8.257440709019103417e-03,3.211541696304518467e-01,-2.232118564183123710e-01,1.221289144170372293e-01
-1.496381865596490557e-01,-1.428033913225459917e-01,4.935162542517897676e-03,-4.504169245208118899e-01,-1.549278733631709593e-01,-7.695834036283515367e-01,1.877575918261579352e-02,-1.874919908368490040e-01,-6.511837709878047324e-03,4.020211908663107736e-01,2.939533134129684866e-01,-1.767315073805125758e-01,1.678242676487552709e-01,1.588625322573841148e-01,-1.295955476832346409e-01,-8.781202873688569166e-02,-6.063772945092304372e-04,3.914935065687355498e-02,1.165243350265900979e-01,1.457305347756936986e-01,-1.938225359823507743e-01,1.363083970699191794e-01,1.145771619293092236e-01,-1.994642400496259294e-01,-5.886103924516402491e-02,1.413754844653976606e-01,2.343015845795805574e-01,1.665461376544700167e-01,-1.021023230491399925e-01,-2.603187810773068683e-02,3.159651796311409577e-01,6.337000243395939092e-02,-7.130340775332391634e-02,-1.200962910535627037e-01,-1.642154611783092355e-01,1.769879794720196353e-01,1.234362474453880171e-01,-1.633921214623208218e-01,-2.361363640141056208e-01,-4.454669085992406519e-01,3.247200600225915723e-01,-3.490342186664446844e-01,-1.764084901517086190e-01,-2.357227360969453567e-01,-2.458665580341228007e-01,-1.134506250670050953e-01,2.178011105752203636e-01,-3.444084208133145475e-02,-3.039421077434694904e-02,-6.162311249374252675e-02
-9.444957411499141364e-02,3.305830600640470296e-01,1.446454029130377419e-02,-8.323745390439241110e-02,-1.182600668859012244e-01,-5.299292573615878021e-01,-8.320112513438379653e-02,-2.101788603449107964e-02,2.345582155698630600e-01,-4.563095739082924374e-02,-4.903066712621224899e-02,7.849493534031858066e-02,-1.256198223058022367e-01,2.141671698890241227e-01,-6.430366794412521736e-02,-3.278450689911138194e-01,-2.643243039212920253e-01,1.942702481453701946e-01,4.130089423125360981e-01,-7.184549572044815480e-02,9.272440931910276574e-02,-3.990426455854197835e-02,-4.869180804995565381e-02,-4.180303566792418352e-02,-1.135725433105566340e-01,-1.742104718625435145e-01,-3.461840610015489150e-01,8.278499409215409055e-02,5.501462714901953627e-02,-1.546067727901856599e-02,5.572664546166842398e-02,-2.120627113601561697e-01,5.854867705738898281e-02,8.672260450644410368e-02,7.250321732258344087e-02,8.842014935727708635e-02,2.089833238771043010e-03,7.598038409980406582e-02,-2.370571032650683752e-01,1.633307456019082726e-02,-1.253908965548698184e-01,1.516693313931820053e-01,1.089659293319202894e-02,1.292342604732068800e-01,-1.151483608753730709e-01,-1.872910041869940700e-01,1.214562419919194836e-01,-7.502992010086645402e-02,-1.228643758644386297e-01,5.844565555240359422e-02
-1.279544321872954082e-01,-5.069489544491850852e-01,3.698615042603460579e-02,-3.354531770914153110e-01,3.841297636624750600e-02,-6.714078429795109493e-01,-9.398451487001999866e-03,6.863778654644230037e-02,1.842815903581821735e-01,8.349977070653669120e-02,-2.227303454968632690e-01,-1.851207337522673968e-01,-1.788576885740510991e-01,-1.422017215237588762e-02,-9.780910090896677289e-02,-1.845176933644190886e-01,7.135852496362685149e-02,-8.785542435529013205e-02,4.366588577534309679e-02,-1.173916868977226829e-01,-6.342877984109858425e-02,-1.812509400597774739e-02,-2.238627600258680239e-02,-6.154680912751572808e-02,-8.555519730820468349e-02,-2.345298575033947230e-01,-6.177783226846363801e-03,-1.705833284712664211e-02,-2.059539336874966486e-01,3.279086440562847815e-01,-1.774829220132017604e-01,-6.187124895149895276e-02,-1.778878241995418830e-01,2.660601413930174103e-02,-1.064401014510551330e-01,-3.752772175234564411e-02,-1.484841290979692086e-01,1.336495359511220837e-01,2.898032484510628705e-03,-1.861050981990001185e-01,-7.995463662355167811e-02,1.537232047664212342e-02,-3.294311872440637279e-01,-2.438963354903632696e-01,-1.763352195893949648e-01,-7.927220823832889507e-02,-1.503950110399487894e-01,-4.716585829191660140e-01,-1.470925132927986267e-01,8.289772824324691258e-02
1.635955519565141236e-01,-1.341668596030766436e-01,-8.230553135007193100e-02,4.724707404809083688e-01,-9.425093340079843118e-02,1.366062418546985624e+00,-4.311054209835377821e-02,1.236028028911757004e-01,-6.402496335989721343e-01,1.977535818143503488e-01,-3.704945254797463172e-01,1.268461955198352253e-01,-5.213177397770131505e-02,-4.689298524164040027e-02,-1.577762576294509389e-01,-1.818601193383392878e-01,-1.003156494827800727e-01,3.673799479984928701e-03,-9.724205029539136902e-01,8.503168646284332832e-02,1.656040625383929221e-03,3.152019202133718445e-04,2.358840120082576763e-02,-9.867924532325658693e-02,-4.168326270944211487e-02,4.168660498092974231e-01,-5.663381696907561214e-01,-1.474024800127271273e-01,3.951970446221211297e-01,-6.785404084321222662e-01,-3.889050816794230314e-02,2.913984031940097807e-01,-4.807902218750619017e-02,1.462744023137006188e-01,2.044078570488103153e-01,9.922350496987050739e-02,-3.221954842624474846e-02,9.161177849146054375e-02,1.303486530734896398e-01,-4.023212751140344684e-02,1.648744629477151002e-01,3.138171048354095050e-02,-2.761043516745180781e-01,5.828385204642944073e-01,1.225309638433241533e-01,5.977952356446944449e-02,1.343972736669773495e-02,3.428272002990286338e-01,2.164115547591875799e-01,2.182053227794519129e-02
3.690783329359864084e-01,-3.855658494585876422e-02,-2.579913436871149046e-01,-1.798588021654173863e-01,-5.538751292942755561e-02,-5.499795763339022647e-01,-1.476709415109232412e-02,6.062062918348418150e-02,2.287659228168856945e-02,4.309229186812239543e-01,8.600781747136025408e-04,-5.040854857853951931e-02,1.710807613582711884e-01,7.761075136021203073e-03,1.596242296008232586e-01,-4.877252696407129995e-01,-1.463954615342132060e-01,-1.679733186903030195e-01,3.134884123546967105e-01,2.891834682081882435e-01,-2.243957330091016500e-01,1.798274702383329815e-01,2.813711358910709337e-01,-7.850641915550447825e-02,-1.057641110378175625e-01,6.366247678379166608e-02,3.791300655782394169e-01,-1.311979615802363885e-02,2.679152937761818953e-01,1.270655996392404119e-01,1.338384406660269865e-01,1.566511582875100839e-01,1.822453318652417220e-01,2.817933922442004274e-02,7.219897242780898283e-02,1.497879793657507230e-01,1.240050420845603824e-01,1.083920754044434206e-02,9.739069909039312078e-02,1.149111906336859439e-02,-2.062545581159714592e-01,2.066433629843928144e-01,5.285763821987214672e-02,2.932825126618902045e-01,-3.333165806416955174e-02,-3.118081596840922010e-01,-3.069694241814761582e-01,7.573897463811987696e-02,1.987448844480189658e-01,-1.048898076278464847e-01
7.432478822944667274e-02,3.204090956835640297e-02,2.281490483792994461e-01,-8.968660414617576349e-01,1.772093405376931330e-01,-6.671237983452167342e-01,-1.760899683739159671e-01,1.977745312171158565e-01,2.410217860370643117e-01,4.236546392451369658e-01,8.365050758927167207e-02,-6.752654133405958103e-02,-4.550507035392664656e-01,-1.184079299186665407e-01,2.375689632579044142e-01,-6.326068046476041040e-02,1.672867617687334996e-01,5.098016846702221883e-02,7.718942801350795468e-01,1.292290071103508464e-01,-1.785194819133229527e-01,-3.437155852373314224e-01,1.969551015460747068e-01,-4.057042459741677654e-01,1.794672761897020130e-01,-1.630555005806107183e-01,-2.869977482996675655e-01,2.300347281018739684e-02,-7.576215169828736107e-01,3.269651299574772851e-01,-1.178562851683714052e-01,-2.739030711330531775e-01,-1.485481205631339618e-01,9.909648503353471471e-02,-1.045502878833513838e-01,1.139455821203572833e-01,-1.439771759923919037e-01,2.030005814880898596e-01,1.932135126649247581e-01,-1.505573811545872498e-01,-1.635306612728721354e-01,-9.907550798962352911e-02,-1.508149034651037335e-01,-3.227847860756251075e-01,1.958508848697400051e-01,1.825669453321342173e-01,7.283539298681104834e-02,-1.887255180331675886e-01,-1.080797219863053639e-02,1.457236397199948852e-01
2.142081344420168343e-01,2.128285548930289872e-01,-3.027798547486671987e-01,1.202044721465816424e-01,7.799629411605937812e-02,3.937918510921981086e-01,-1.603551961886297283e-02,-6.893859277144392082e-03,-8.630490664180434646e-01,-9.874032951739998565e-02,1.110974565946996950e+00,4.658768186432602487e-01,3.893500402984910180e-01,-6.597380679582731666e-02,1.656753406441928145e-01,1.233470730781007635e-01,-3.129342197529424302e-02,6.620820581364759982e-02,-1.988798409231101183e-01,-1.004893467549788644e-01,4.390221414957130538e-04,-4.053905108552095515e-01,-2.080218173124536232e-02,2.222165044154308655e-01,-1.201969972864408848e-01,-8.143011971353064649e-02,-2.826847234222555905e-01,1.454582443146328341e-01,-7.710857925719631634e-02,-3.713958255664486230e-01,2.123145929279259270e-01,-1.204882727995492120e-01,-7.132333441289688547e-02,1.581143739157316319e-01,-1.668721822490730478e-02,-4.050226601818415761e-01,-5.571563448347511410e-02,1.643423702025777755e-01,-6.229523257114043949e-02,8.260871132827356522e-01,1.833632734185115798e-01,-9.611659513563057533e-02,2.300234586510534751e-01,1.026396757211094635e-01,1.423092375650634456e-01,5.762521287064984454e-01,1.281598679404020724e-01,4.630705293437322734e-01,-1.824078928910010666e-01,2.248620904862705938e-01
4.522986481050202817e-03,-1.212140379023925602e-01,3.218728112728508339e-01,4.946101450673331956e-01,-6.821511861719142811e-02,1.415847841985937494e+00,8.945236000318410041e-02,-7.920046561249648176e-02,1.029966423655035851e-01,-4.898584989767736791e-02,-2.619874129260940654e-01,1.416974749568787328e-01,-7.394846223543881381e-02,-1.045562410233227962e-01,-1.569067644424149421e-01,2.498201414400338938e-01,-1.541712506077315692e-01,-8.894204832441754416e-02,-1.212822090169157319e+00,-1.066894642513919189e-01,8.758001784169772153e-02,-8.747403765785534413e-02,-1.284746574807474895e-01,1.937989017436954065e-01,-1.804950706124431870e-01,1.449519437150451062e-01,-2.781699909821639949e-01,-4.841869506454125893e-02,1.915786685674781831e-01,-4.390151225290837012e-01,-1.192397447960649587e-01,1.208503073505607789e-01,1.194622292007013892e-01,1.625803382896629512e-01,1.706567640354975102e-01,2.048698436303486858e-01,1.076725012639299095e-01,-2.820173849631487650e-01,-1.331736597601046179e-01,1.835766053609538262e-01,1.255798810184445280e-01,-1.690453953148813859e-01,-1.496069464691590079e-01,-1.070546723945858258e-01,1.968621878637042411e-01,3.009459597293770439e-01,-1.996181634126842699e-02,2.447286977163426469e-01,1.932034427761670364e-02,-5.071516039003396564e-02
-1.640535909750531762e-02,7.276140677727860329e-02,-1.307509945687491265e-02,-6.647343982024205011e-02,-2.329100547261129736e-02,-1.424732177309325998e+00,2.975071495385496131e-02,8.712016680636419652e-02,1.066687266546830215e-01,1.193178690434342111e-02,1.410416062733280650e-02,6.145246117616148633e-03,-4.563948949134415123e-02,1.528186104780962784e-01,-3.335684077730916713e-02,3.646084751924628248e-02,1.888362373539035841e-03,2.093045268596105055e-02,1.543825976947351408e-01,5.856737286197660763e-02,-1.004575088844313208e-01,9.351978267258743982e-02,6.273547860880761273e-02,-8.775444767948145652e-02,-1.753483371649330880e-02,9.293044175922939021e-02,1.475574353061032962e-01,-2.410226207969239087e-01,-1.091910245837241500e-01,2.011386741777846376e-01,5.997967546829888544e-03,-2.334590358193842918e-01,5.332942453524913001e-02,-3.394745672738858078e-02,-1.169083840627697657e-01,1.791043557333188430e-01,-3.063270970201957544e-02,-7.499504585098105969e-02,-3.755765550076307522e-04,-1.076629261771396831e-03,4.062287490952254387e-02,1.991546593649680744e-02,-8.118648703603018046e-02,-5.970863175652817434e-01,-6.736296040029562948e-02,-2.229853093118941421e-02,-4.981728642592998801e-02,-1.469336149251090073e-01,1.145286076643383111e-01,1.000164698254951134e-01
1.080779136068871493e-01,4.947906581425892680e-01,-2.818737830592945096e-02,-9.447465914669168907e-02,-1.881573169176183891e-01,-6.852611989540285942e-01,-7.387890902777749513e-02,-1.011095197341281005e-01,1.398587544213494294e-01,-2.424613737713880376e-02,-2.087443086295698025e-01,1.582395260299578332e-01,5.417756394511312468e-02,-5.542254479185721588e-02,-2.492333765224963305e-01,-4.383565502400981195e-01,-3.604968043801421579e-02,7.603578803812393976e-04,6.640793835331939565e-01,7.065999914400970805e-02,-9.753283894872787074e-02,-6.355605474838643687e-02,1.860670822840380656e-01,2.785523218834498604e-01,-1.433837716378515148e-01,-3.772072327685395132e-01,-1.293793087699018352e-01,7.890725403199187749e-02,-7.450684880853424875e-03,7.286340222479621709e-02,-2.215059342028530970e-02,1.326324229037212366e-01,1.121509208111545614e-01,-5.402197156232257241e-02,-2.978867653934131818e-02,4.096056852846381019e-03,5.696643514796855684e-02,7.858936079272815789e-02,1.448072497406017178e-01,2.180011264454063957e-01,-1.958983386661655446e-01,3.755863647589877119e-02,7.048235542931011177e-02,3.278239584415267305e-01,5.461715459382503191e-02,-4.150229008363931493e-01,-2.725803656021141275e-01,-4.056349558873963840e-02,7.995439863976473716e-02,2.190534732548764796e-01
1.585090915156659244e-02,1.502319379438167291e-01,-3.595771728289146596e-01,-1.356839951520806380e-02,-3.772039014759774878e-01,2.059349900371895692e-01,1.496888484791095986e-01,-2.098904468901299780e-02,3.216949072859910386e-01,1.057557698303849963e-01,-1.657025653701020562e-01,-1.803283377170877000e-01,1.670956372524665390e-01,-4.509050909363707810e-02,-1.941678685094115342e-01,1.170511055502753556e-01,1.014529472170219992e-01,-1.846720483100972865e-01,-5.507946468833050530e-02,2.272261856254309265e-01,1.852263454129949444e-02,1.441928042130378729e-01,-1.497356360965101593e-03,2.015935639452347272e-01,1.052796768365409780e-01,-1.583523746458991577e-01,1.682853574934427832e-01,6.781008550113699906e-02,-4.996560403099381542e-01,2.769397362684170583e-01,5.723959543945266598e-02,-5.412464044939659796e-02,1.439074737829059043e-02,-2.746921657244645321e-01,3.497576896217912540e-02,1.177485114399947630e-01,9.925918408702225082e-02,-2.010057225843546458e-01,-6.590300718966010662e-02,-1.412602494581212745e-02,1.845758890370173891e-02,1.480075872838327311e-01,1.236880999458312147e-01,-1.463518806111321346e-01,-2.201323462619131366e-01,-2.631714142759276065e-01,-7.892702285839049703e-02,-3.051806244646423916e-01,2.019831957434674863e-01,-2.044261360396752714e-01
-4.354600977974411313e-02,-2.138584039656758473e-01,-7.925862516260318014e-02,-8.316396783627826028e-02,-1.104379719156382972e-01,-1.064551733698365199e+00,-1.334905873034862023e-01,-2.994274561008336000e-01,4.822775240529937613e-02,-7.423884225388895086e-02,-1.139700938789934247e-02,-8.335651405090949151e-02,4.087248661517323828e-02,-1.222176696035725575e-02,-6.577179413655791750e-03,-5.572117281909829550e-02,-4.503991190390690957e-02,1.902159440585356742e-01,2.163574922048757676e-01,-1.269828098645441328e-01,2.089408254385710928e-01,1.482518948513017742e-01,-2.610369049687804033e-01,-2.306187567875283007e-01,-1.462572294039437837e-01,-7.296840404693255566e-02,4.826829503480572492e-01,3.412775121392603271e-03,-8.863480521559789771e-02,2.433141571912033896e-01,1.363428349567276099e-01,1.433949728507080516e-02,1.036139520867330327e-01,-1.603641501474098174e-01,9.524784972914954878e-03,-1.116854134564907938e-02,-5.852576206315436569e-02,-4.510621465833464239e-02,-1.415127531105632164e-01,-2.578272737719224383e-01,2.520155562298651009e-01,2.004503471366681291e-02,-3.509839863459986165e-02,-1.152942693298732030e-01,9.453894110447173815e-02,-2.734753333266175535e-01,1.048082552788450195e-01,1.424631097077504703e-02,1.282650756382576196e-01,-1.351489333859280939e-01
-7.394858493077172135e-02,-6.309523933807533735e-01,-1.179802444970963204e-01,2.480377024392307894e-01,3.435713811261416062e-01,1.693228612102596897e-01,-8.462745790335929330e-03,-1.015451362621935388e-01,-5.786274326624760711e-01,-1.375635736172072243e-01,-2.512663977154983019e-02,-4.967201855146009121e-02,-1.930261195114585659e-01,-1.108412559452410101e-01,-2.854687811693998670e-02,6.732575712806811163e-02,3.047681654531470552e-01,2.088047988932296151e-01,5.547424929977796682e-01,5.197092013842070923e-02,-2.294651970969372456e-01,-2.596193048526618252e-01,-9.937956897624815322e-02,-3.088931522225520920e-01,-2.447883118117831214e-01,2.282565081615548774e-01,2.375724269652550458e-01,-1.361434192045870850e-01,2.352876876442446530e-01,8.187281354465084648e-01,6.062098478564533627e-02,4.250681210803475274e-02,3.984641373270951525e-02,-3.220387177423754688e-01,-8.142399131970702586e-02,-2.282353199174036798e-02,-2.493236196695431880e-02,1.200919257316673538e-01,-2.593207265532537428e-02,-2.434092167912873042e-02,-2.203118967972651498e-01,8.108861383765064712e-02,3.927899631447452355e-01,-1.076113215781910659e+00,1.382873197849375235e-01,2.474906357845727822e-01,-4.765518892973685805e-02,3.451585528234885764e-02,-2.016747014130181870e-01,7.987712687686424062e-02
-5.341127095045363621e-02,1.355484088904959639e-01,6.519600787387615226e-02,6.159360679828578267e-01,-1.201959987638084523e-02,5.869745568716054906e-01,1.086264281388073585e-02,3.078115147760437584e-02,5.844184523173326928e-01,-2.413906780175193931e-03,1.485075846892015827e-01,-6.814738862780000961e-02,-1.003749300770277603e-01,-1.998757326557066769e-02,-2.178296676256001041e-01,1.675911655945516998e-01,7.305863723764452478e-02,1.905256373077666987e-01,-1.087222746117438632e+00,5.265587549710208648e-02,-9.532080540089314658e-02,8.093190673971575877e-02,-9.250722869555823291e-02,6.724407236169779867e-02,1.463773105751198580e-02,-3.448332357237235413e-02,-2.215694359888821519e-01,-1.682218652923961888e-01,2.032743873756703845e-01,-4.106264398146566297e-01,-2.497764848677972577e-02,1.546740238014891744e-01,4.615830487850940828e-02,3.368724151150785939e-01,2.180268526447121380e-01,-2.636065464805177339e-01,-1.922652013510526073e-02,1.882222545550632509e-01,9.194709712665102841e-02,-1.360070646628161739e-01,-2.523940967774484512e-01,4.958456130494624109e-02,-6.252016955151463995e-02,6.184594026391718735e-01,1.710015514841499440e-01,-8.716093373074515482e-02,1.949818286928559075e-01,3.721107240697737462e-01,-2.680715664207369842e-01,-7.137138124431592623e-02
6.435722967887336221e-02,6.255009989986556884e-02,-1.724721834458835604e-02,-1.356973446642178449e-01,-1.272218447637310512e-01,-8.453251231824072676e-01,-1.274799672130475237e-01,-5.224086616598588861e-02,1.040679059861294165e-01,2.852094915950966203e-01,2.659077943374828501e-01,1.381256958219600484e-01,5.994080665668006375e-02,2.104607419776918786e-01,1.786038673737654903e-01,-2.304277880598421327e-02,-6.829950669285524134e-02,-1.584670924583869017e-02,2.292810382915857481e-01,-3.568479175155997440e-02,3.148485922927263259e-02,2.288135501776631178e-02,-6.073961470761965464e-02,-1.481648884778268283e-01,-9.825470292300100827e-02,4.711607737077828928e-02,1.771513357351735818e-01,3.050978325150667803e-01,-1.165079279913902727e-01,4.031461467889829731e-02,2.689939099541466816e-01,2.821510349862617617e-01,4.631593536047892701e-02,-4.070463099785117528e-02,-9.200649443402993122e-02,-3.827966331910836410e-03,2.978585198923240987e-02,6.962249673518208781e-02,3.881182926548272516e-02,-1.455662074143906359e-01,2.056046819451225194e-02,-1.189460523802247927e-02,3.204460220668157722e-01,3.491052877942702609e-02,1.105175198084186600e-01,-1.599351762162079249e-01,3.124529279962623418e-01,1.423144146751970374e-01,4.441548138948542279e-02,-2.244046867218191244e-01
4.679371600479970139e-02,6.588861070287902466e-01,4.710646439129666518e-01,-5.050624102982574914e-01,3.420355738606084203e-03,-1.660805269759094982e-01,6.692348387634916573e-02,-1.190573719959179405e-01,-1.237189383507682067e-01,8.126710626766005252e-02,-3.300020366533328309e-01,2.014216681307199885e-01,1.772097546850699423e-01,-1.830751721148415057e-01,-1.903042039237585470e-01,-7.868473434652888399e-01,-1.734799730335088164e-01,3.995140216478108020e-01,8.291825215281403150e-01,-1.273106589526393825e-03,-8.773571395238716208e-02,8.605511203572133172e-02,1.384494393845860372e-01,2.140301082078710226e-01,1.135054711348593010e-01,-4.041095090607118023e-01,2.111444478118404064e-02,2.834114692673312189e-02,2.263724237523328520e-01,-1.678751927498541852e-01,6.714434325185171526e-02,3.062219013733180062e-01,3.888810816822319549e-01,1.523436024572444314e-01,2.902389530368538750e-01,-1.406708366967456825e-01,-1.642909109808134982e-01,-8.674977753031218319e-02,1.377229285040386386e-01,1.531432267795460878e-01,-3.341484663580366887e-01,1.890366353920258993e-02,-1.474956669942535936e-01,2.951321200076428286e-01,1.180554289839156473e-01,-1.201434795580383075e-01,-1.104187908693739645e-01,-3.560186999060227508e-01,-8.982970266106742041e-02,2.565749379741156799e-01
5.668543154812642065e-02,1.971322285929660578e-01,-3.545160606645957752e-02,8.997030263932351279e-03,-2.243614351892613545e-01,3.230428262569421949e-01,-2.458818475571745987e-02,-1.937442237786214105e-01,1.811042828032878305e-01,-9.759718586706619958e-02,4.561628303950238106e-02,-1.866339054870205239e-01,9.151646886348685506e-02,-7.442140611488804770e-03,-5.810847532233975876e-02,4.608093699177142621e-01,7.043876338209704713e-01,-3.098893406234294878e-01,-5.697586067480585326e-02,-2.948891519357724547e-02,-1.387860849928682916e-01,-2.947346987963894160e-01,2.842049971959432694e-02,-3.702864558656385197e-01,4.675400401389881444e-01,2.729973571795499265e-01,4.297917975241566380e-01,-1.645919884234760822e-01,-3.453199422429991117e-01,1.277188770402036544e-01,1.022653518009090517e-01,2.497723705432508268e-01,-3.529116073615087834e-02,-1.395443019638696602e-01,-1.715396115650856257e-01,1.004556251518293752e-01,-1.130840062119942147e-01,-7.631161142074047166e-02,3.980570970671097886e-01,2.251428347193525914e-01,1.556579806655797316e-01,1.027881388161870496e-01,7.142242623676580901e-03,2.706411291826891774e-01,-1.617462803627355838e-01,-1.001250770980127991e-01,1.476193729496412810e-01,9.942239835205857190e-02,3.475911308479450179e-01,1.332591829558199825e-01
1.752506202574274641e-01,3.074321277739417921e-02,-1.040591954433627009e-01,-7.169118560521407215e-04,1.697187404335100125e-01,-4.044735339339585733e-01,-9.909468347490098250e-02,-3.277871031513888977e-02,-3.695244624132622280e-02,-1.689935117944237619e-01,-3.038815670059389351e-01,-4.097092263312904908e-02,1.223957462972706939e-01,2.480043816068754903e-01,9.653026272645364933e-03,-6.872904923074316108e-02,-1.229399849766655839e-01,1.123810703087980700e-01,3.035182608718769437e-01,-1.268410747179276876e-01,4.350224629669197790e-02,-1.205007019901938037e-01,4.610976424236991333e-02,-6.350919310685340657e-02,-3.548804848398653955e-02,-7.394700476096557895e-02,9.082765235760494049e-02,2.973365185489937682e-02,-3.259379234332913655e-01,-1.203789654036743761e-02,5.969126411083038042e-02,-3.656308414495130776e-01,-7.939781193246572832e-02,1.019655659684357840e-01,-1.427774181288462563e-01,-1.559054316215578440e-01,1.390550601853540180e-01,-1.523803773489073865e-01,-1.554995093832551578e-01,7.450581318062961256e-02,1.829191563324485958e-01,5.537637164465265133e-02,3.887034562521531900e-01,-1.391422379168016088e-01,-2.335131275090001068e-01,2.291117433513793072e-02,1.899518921683423234e-01,-1.900755357561536574e-01,8.715009287823925754e-02,2.769316276333242711e-03
-1.425326888665877645e-01,2.011710832762133028e-01,-2.305038416539897661e-01,-1.348201354346688918e-01,-7.267837317826002230e-02,-2.811322859125413021e-01,2.758287986079434040e-01,3.459688966868836868e-01,1.527003833320441928e-01,-2.652967875270805242e-01,-4.275225477501360949e-01,5.819510143832802573e-02,-1.094980845419493976e-01,1.869646182600466222e-01,1.037692739345806164e-01,4.930018747957016188e-03,-1.144549196045652889e-01,6.340785366991184835e-02,2.651429343276805461e-01,-1.923160899949931668e-01,5.264468798586767473e-02,-3.153850632134622689e-01,-5.104896111147906312e-01,7.792693375175865911e-02,-1.218664634603111863e-01,-4.214977220572952987e-01,-3.197625145122337531e-01,6.190092892240080941e-02,-2.417038055852279710e-01,1.557163617346014883e-01,-1.890395663684167893e-01,-3.556781936986212755e-02,-2.220048494160632435e-01,-3.539556596625772350e-02,-9.655234063563186697e-02,-1.288218199917648410e-01,1.097014327883801960e-01,3.358585465409597015e-02,6.344400891962218014e-02,5.207371728888930962e-01,-1.065693656300679970e-01,-1.808564635228111506e-01,1.844382520176882090e-01,-3.554914814554364644e-01,7.171210224289840951e-02,-2.300555819209275377e-01,3.297563649401044107e-03,-3.089140795168536791e-01,7.244953371926880770e-02,-8.846014261934162515e-02
7.562261879899941086e-02,2.810940851525072226e-01,2.441748342816195128e-01,9.477505332706875896e-02,2.696641701582443984e-01,1.182173306004331348e+00,-1.131548967589800225e-01,-3.123373359623009549e-01,2.497642783223195107e-01,-5.977675808733234897e-01,3.147372055802553636e-01,6.326463111962844776e-02,6.474984029621277948e-02,-1.495249239993797774e-01,3.761670986752386758e-01,4.327827234313886828e-01,1.209605358678902676e-01,-3.142669708495960945e-01,-4.077242406096812100e-01,1.829297183876826272e-01,1.559802617994962282e-01,5.328115058350502142e-01,-9.880422455858034470e-02,3.064749926304836669e-01,-3.596777249637070351e-02,-9.444999552629469719e-02,-1.575604037866777107e-01,8.318436112176923192e-02,8.645948732827631877e-01,-1.380755714561293090e-01,-2.624797761215156289e-01,2.892264236471510652e-01,-2.867198550043869587e-01,-4.554672034277826298e-02,3.053202094188083027e-02,-1.198190926351064001e-01,1.771375426830648081e-01,-7.992978119883445420e-02,3.095223290101939972e-01,-3.356254451978146758e-01,4.899425856681368513e-02,2.050529320735104410e-01,-2.786823933499930073e-01,7.119201135453533391e-01,-3.108654839903911976e-02,2.101556798846507257e-02,-9.020892544476472041e-02,1.503889214410773500e-01,-3.281009952295074750e-01,-2.319237583624414456e-01
1.087108822688341719e-01,-4.057654448923041224e-02,1.434420095430965769e-01,-1.876796281281010170e-01,-1.653971079495265006e-01,-1.057261578428774440e+00,4.942031008842874551e-02,3.343029021835427356e-02,1.594299044871571591e-01,-3.111048885579953405e-02,4.639420264774599678e-01,-1.544240793913566334e-01,2.311857110048062824e-02,8.846660091488090655e-03,3.114111023123011454e-02,-2.636188750413712145e-01,-2.050047990923451469e-01,-1.317182875041556234e-01,4.750225808372383063e-01,8.489113107277691458e-03,1.527280463927334353e-02,2.867096790534865436e-01,1.361441238928851050e-01,-1.280991247513197095e-01,1.278632004108080748e-02,-1.951572029250175089e-01,2.460555568579131935e-01,6.422849962850796235e-02,-1.191691509980140687e-02,3.006782562215336574e-01,7.037317831630134080e-02,6.652460527916982669e-02,-3.138225635108510270e-02,-1.338606048128356263e-01,1.938082258107049760e-01,5.729015307860071265e-02,-1.204022511942035301e-01,-1.097109845291312918e-01,1.170234490800397924e-02,-1.679470190725461387e-01,4.925371519612990745e-02,-1.179393817901413094e-01,1.891566053163635241e-01,1.596979028524961042e-01,-2.559851136115280368e-01,-3.285641823303998010e-01,-4.453182288168824193e-02,-2.095765219344841168e-01,2.647609470415011879e-02,-1.630144080337775081e-01
1.545186912169959660e-02,-4.123836214925084565e-01,-1.023691175675821574e-01,-7.462014584682029328e-02,-1.322639646377922196e-01,2.851368479832669736e-02,1.432937787899951632e-01,-9.373273328730749587e-02,1.846464898636193397e-01,-3.035087573462912913e-01,4.002474200842385255e-01,-1.303116146563215727e-01,-3.276941167349640138e-01,-3.048784487430739598e-01,4.481466815371460410e-01,1.332078085037273207e-01,4.061772886496862744e-01,-4.437525490448823162e-01,-1.846161297055715911e-01,-2.461253808898713480e-01,5.188481458576067046e-02,3.547434844260560077e-02,1.450753365919590643e-01,8.627755638411878369e-02,1.583308456845178569e-01,5.951780064787242502e-02,-1.998546985601848403e-01,1.590428700138921819e-02,3.469448314844293946e-01,-1.271319683033648451e-01,4.855173390773898784e-02,5.958524469512306403e-03,-8.759199264048478373e-02,-6.568787213755232501e-02,-1.769363627292222796e-01,6.895438841546239206e-02,-2.422045155111769432e-01,1.020645966458449440e-02,1.717121294395879127e-01,-4.021446939152027722e-02,1.863878956110577231e-02,6.514188017542350828e-02,7.532074136444225076e-02,3.377767917604169168e-01,5.677662049408885303e-02,1.442233756547131318e-01,-3.242096175801963132e-02,1.884416976635494290e-01,-2.294676712572729649e-01,-2.743836904218648343e-01
-8.550984399971900407e-02,-2.062627730482889665e-01,3.853101710868682694e-01,4.470756910234170434e-01,3.486406120172437784e-01,-9.786973065486433976e-01,-6.293272612886464945e-02,1.738264441963877430e-02,-6.823157109661104336e-02,1.374273583097689044e-01,-1.461043198778806118e-01,-4.973490286825315021e-01,3.764882170354495461e-01,2.283102204003388258e-01,1.434909323350296029e-01,2.112327712154505044e-01,-1.886089859283331671e-01,-2.540351315504755375e-02,3.614543630985849187e-01,-7.037295266591080123e-02,2.391107164644647870e-02,-1.554523205741597733e-02,1.832150256845813951e-01,5.049673952220441048e-02,4.326374877218706616e-01,-4.541483308194982360e-01,-2.492034927129584965e-01,-1.962439153605512465e-01,1.766286838766902567e-01,-1.602588161716776982e-01,-4.669535249680811795e-01,-4.526463433772987544e-01,1.009023223985910933e-01,1.803611476279561865e-01,-1.066599425721678207e-01,9.924285461773735273e-03,1.698044285506621620e-01,-9.003890685656777693e-02,-1.606444533430729515e-01,5.725943749401941896e-02,-2.271492159949373424e-01,-3.406393482834531028e-01,1.087197692486378681e-01,5.312380755473878891e-01,-5.215601232210939076e-01,-4.954793400039647078e-01,-3.308617627077583556e-01,-2.445534842133858383e-02,8.175988097384706554e-02,1.415336477521999536e-01
-8.736297585370655927e-02,-1.580267993230756729e-01,-9.699137464413370990e-02,3.089497018661818140e-01,-4.886083727211192052e-02,8.272423090666732870e-01,1.109275885838144210e-01,1.558335501712849180e-01,-1.636977817499558341e-01,-1.139525864907981051e-01,-3.000027195089395304e-01,9.550963951138370656e-02,4.666510385776577452e-02,5.361104596806268857e-02,-6.030561538383609477e-02,5.074605966222466291e-01,-3.396877381788119266e-01,-1.374520301697973977e-02,-6.802324563839247107e-01,1.052431807036711686e-01,-1.924686807769003249e-01,-7.290021422195837320e-02,-1.193202200107609280e-02,4.479620684717960932e-02,-4.326272511804987730e-02,1.950237013946804210e-01,-1.130366020401079967e-03,1.245773231078543541e-01,1.674101034277797051e-01,-3.779147860189022712e-01,-1.838169770824584631e-02,2.089160920030373736e-01,1.255908625092157227e-01,2.180863709315913057e-01,4.012347772630287523e-01,2.115459842913413324e-01,-1.875955194252327818e-01,-1.475782777532620438e-01,-3.101912979228573786e-01,1.186607689528942217e-01,-1.905317116290386817e-02,4.005892320251073363e-02,-3.640482055837978570e-01,3.056219545313688113e-01,1.694612139236303383e-01,1.552847256969268896e-01,1.060861678825433980e-02,2.047233776048886650e-02,3.467519285482764668e-01,-1.120471458288807287e-01
-2.055295779907365394e-01,-4.568027477659720725e-01,-3.936881253540876202e-02,-7.215542994806559141e-02,2.710502383572646057e-01,-5.716194388334298049e-01,3.521909556216140658e-02,9.584845823867042813e-02,3.081871316128401150e-01,-3.667585160252864740e-01,7.728870524588120350e-02,1.626039481912557386e-02,1.154986096228474562e-01,-1.267812125052553418e-01,-4.266794893707830799e-02,-1.731233064457651238e-01,-4.052922240445162166e-02,2.057303867597524288e-02,5.103057967626677127e-02,3.382248880774996885e-02,3.097957768772766629e-01,9.778702008014883429e-02,-2.357196683340758436e-01,9.928742655570373110e-02,9.645079995534844297e-02,2.549147119815823800e-02,2.856898566508971338e-01,-7.506311400064848149e-02,-1.998828420754464041e-01,6.057065349525690007e-02,-1.925978550333954931e-01,-5.815399974272893457e-01,-9.152039675425042986e-03,3.918068181754441603e-02,-4.190911354710108450e-01,-2.962439238204094827e-01,8.248269457430218443e-02,-2.825190455243928311e-02,-4.094610281241237160e-02,1.246959273921998262e-01,-1.206891796476207840e-01,-1.047084140537570957e-01,-6.814868220966156798e-02,4.098589320132641212e-01,-2.364573548068253928e-01,-1.539686863794127170e-01,1.493004458120800737e-01,-1.969896418123576465e-01,1.166661047473016299e-01,1.460716587545819456e-01
